Date,Description,Comments,Check Number,Amount,Balance,rent
03/01/2025,Complex charge for residential unit [Ref:26SM],,,"-$2,725.00","$25,348.00",1
05/22/2025,Flat fee [Invoice:629637],,,"-$2,550.00","$23,229.00",0
03/26/2025,Automated monthly payment [ID:20250326-354],,,"-$1,250.00","$25,728.00",1
06/08/2024,Monthly obligation (Unit 22C) #895894,,,"$2,400.00","$27,080.00",1
01/03/2024,Recurring transfer to Smith [ID:20240103-273],,,"-$1,400.00","$11,273.00",0
01/16/2024,Unit disbursement for residential unit [ID:620122],,,"-$2,600.00","$1,201.00",1
02/03/2024,First of month payment [ID:20240203-136],,,"$1,700.00","$5,322.00",0
07/22/2025,Standard monthly charge [Date:20250722] [18:25],,,"-$1,800.00","$23,110.00",1
01/30/2024,Rent payment (primary residence) [Ref:170085],,,-$975.00,"$45,174.00",1
10/27/2024,Recurring debit [Ref:NWQQ],,,"-$1,475.00","$46,250.00",1
01/28/2025,Building payment for residential unit [Payment:ISFW],,,"-$3,025.00","$25,426.00",1
08/25/2025,Unit fee [Ref:952338],,,"-$1,800.00","$48,571.00",0
10/16/2025,Periodic 30th payment #449851,,,-$800.00,"$18,045.00",0
06/17/2024,Recurring debit (Unit 2C) [Ref:F2J4],,,"-$2,650.00","$5,597.00",1
09/13/2025,NOT rent - utilities [Ref:919610],,,-$200.00,"$26,386.00",0
03/05/2025,Housing Associates [Trans:398653],,,-$800.00,"$4,447.00",1
05/11/2024,Rent payment  [Payment:CPL2],,,"-$1,500.00","$15,294.00",1
01/31/2024,Rental payment [Invoice:664231],,,"-$1,650.00","$11,697.00",1
01/21/2025,Condo fee [ID:20250121-988],,,"-$1,900.00","$8,935.00",1
09/08/2025,Strata payment [Payment:9KTI] [23:57],,,"-$2,550.00","$38,017.00",0
09/16/2025,Premises Services (Unit 4B) [Date:20250916],,,"-$1,000.00","$23,517.00",1
07/16/2025,Unit fee for residential unit [Trans:357622],,,"$2,050.00","$41,215.00",1
08/21/2024,Recurring debit [Ref:TRAZ] [06:36],,,-$900.00,"$43,384.00",1
09/07/2025,Rent payment (primary residence) [ID:825208],,,"-$1,875.00","$32,335.00",1
05/08/2025,Periodic 30th payment [ID:20250508-134],,,"-$1,400.00","$35,571.00",0
09/04/2024,Housing allocation payment [ID:20240904-60],,,"-$1,075.00","$45,881.00",1
08/03/2025,Unit payment [ID:956818],,,"-$1,850.00","$17,282.00",0
06/23/2024,Periodic disbursement [Ref:745653],,,-$800.00,"$35,802.00",0
01/20/2024,Payment on 1st of month (Unit 41B) #727749 [10:08],,,"-$1,900.00","$28,444.00",1
01/15/2024,Utility fee + insurance [ID:828960],,,"-$2,100.00","$18,490.00",0
05/06/2025,Complex payment for residential unit [Invoice:557063],,,"-$1,325.00","$22,543.00",1
04/03/2025,Periodic 30th payment [Trans:395008],,,"-$2,850.00","$28,159.00",1
10/15/2025,Unit remittance for residential unit [TXN:487401],,,"-$1,250.00","$29,051.00",1
08/13/2024,Rent payment (apartment) [Invoice:556752],,,"-$1,475.00","$12,372.00",1
11/03/2024,Rent payment (primary residence) [TXN:374883],,,"-$1,250.00","$42,983.00",1
10/24/2025,Regular payment [Date:20251024],,,-$350.00,"$34,212.00",0
11/19/2025,Payment on 1st of month [Date:20251119],,,"-$2,300.00","$10,080.00",0
03/20/2024,Recurring transfer to Smith [Trans:754558] [07:50],,,"-$2,200.00","$7,272.00",0
08/25/2024,Mid-month transfer [Ref:974434] [05:49],,,"-$3,050.00","$18,790.00",1
04/20/2024,Unit fee for residential unit [Date:20240420],,,"-$2,150.00","$1,989.00",1
07/09/2024,Rent payment  [ID:20240709-454],,,"-$1,775.00","$22,680.00",1
09/13/2025,Property fee [Date:20250913],,,"-$2,000.00","$15,394.00",0
08/15/2025,Rent payment  [Ref:673513],,,"-$2,350.00","$30,158.00",1
05/08/2025,Regular payment [Payment:4UU3],,,-$850.00,"$1,794.00",0
02/17/2025,NOT rent - utilities #265009,,,"-$2,750.00","$28,495.00",0
04/11/2024,HOA fee + insurance [TXN:678988] [12:50],,,"-$1,750.00","$38,995.00",0
04/18/2025,Residential payment 15th auto [TXN:658856],,,"-$2,400.00","$18,019.00",1
10/02/2024,Recurring monthly payment [Ref:667719],,,-$850.00,"$6,289.00",0
05/15/2025,Utility fee incl. services [ID:20250515-616],,,"-$1,350.00","$9,213.00",0
01/30/2024,Complex charge for residential unit #484480 [00:04],,,"-$1,675.00","$28,544.00",1
03/22/2024,Distinct from rent - service [ID:20240322-21],,,"-$1,650.00","$38,272.00",0
08/03/2024,HOA fee + tax [ID:20240803-106],,,"-$2,350.00","$16,410.00",0
10/14/2024,Unit fee [TXN:775173] [03:34],,,"-$1,850.00","$30,767.00",0
02/10/2024,Recurring debit [Ref:BDDC],,,"$1,600.00","$35,934.00",0
04/21/2025,Separate from rent - deposit [Trans:571713],,,"-$2,600.00","$24,898.00",0
10/10/2025,Building payment [Payment:931Z],,,"-$2,550.00","$6,447.00",0
05/09/2025,Property fee for residential unit #664183 [19:52],,,"-$1,575.00","$3,816.00",1
01/27/2024,Rent payment  [Payment:MQHZ],,,-$550.00,"$31,710.00",1
12/29/2025,Monthly obligation [Invoice:960036] [15:51],,,-$900.00,"$10,244.00",0
02/01/2025,Residential payment Quarterly [Ref:920793],,,"-$1,300.00","$4,468.00",1
12/12/2025,First of month payment [TXN:814518],,,"-$1,250.00","$21,877.00",1
06/12/2025,Zelle to Davis [ID:20250612-744],,,"-$2,800.00","$28,234.00",0
04/27/2024,Monthly payment to John #387406,,,"-$1,350.00","$29,386.00",0
03/13/2025,Building disbursement [Payment:GQ7T],,,-$700.00,"$13,172.00",0
05/08/2025,Digs payment #756920,,,"-$2,250.00","$26,429.00",0
04/12/2024,Monthly auto-payment [ID:20240412-99],,,"-$2,600.00","$43,342.00",1
05/24/2024,Standard monthly charge [Ref:ZN8V],,,"-$1,050.00","$28,431.00",1
08/23/2024,Strata payment [Ref:893522],,,"-$3,050.00","$9,238.00",1
11/24/2024,Rent payment (apartment) [Invoice:128009],,,"-$1,925.00","$13,649.00",1
10/07/2024,Digs payment #164211,,,"-$1,875.00","$35,566.00",1
10/28/2024,Dwelling disbursement plus fees [ID:20241028-920],,,-$925.00,"$10,453.00",1
05/13/2024,Besides rent - insurance [Ref:AZWV] [21:10],,,"-$1,350.00","$35,242.00",0
07/23/2025,Remittance to Moore [Trans:454019],,,"-$1,225.00","$13,271.00",1
08/16/2024,Zelle to Davis [Payment:MG1K],,,"-$2,850.00","$31,645.00",0
04/27/2024,Complex fee [Date:20240427],,,-$300.00,"$7,836.00",0
12/29/2025,Rent payment (primary residence) [ID:20251229-437],,,-$550.00,"$29,811.00",1
06/14/2025,Facility Solutions [TXN:306053],,,-$725.00,"$16,392.00",1
05/09/2024,Periodic disbursement [Date:20240509],,,-$600.00,"$24,893.00",0
04/11/2024,Zelle to Davis [Payment:UX5W],,,-$200.00,"$31,308.00",0
11/16/2024,Building fee for residential unit [ID:580966],,,"-$2,300.00","$9,825.00",1
10/24/2025,Building disbursement [Date:20251024] [16:00],,,-$700.00,"$39,708.00",0
01/30/2024,Rent payment (apartment) [ID:20240130-896],,,"-$2,475.00","$42,629.00",1
02/03/2024,Quarterly dwelling #434480,,,"-$1,000.00","$42,940.00",0
11/23/2024,Property remittance [Invoice:707769],,,-$200.00,"$24,924.00",0
12/16/2025,Housing Associates #268037 [02:03],,,"-$1,900.00","$42,263.00",1
03/10/2025,Complex fee for residential unit [ID:590080],,,"-$1,075.00","$39,687.00",1
08/15/2025,Residential payment 1st of month [Payment:QEX3],,,"-$1,950.00","$45,496.00",1
11/09/2025,Complex payment for residential unit [Invoice:421232],,,"-$1,700.00","$16,578.00",1
09/22/2025,Check #1234 for monthly [TXN:476917],,,"-$3,050.00","$16,712.00",0
09/25/2024,Complex payment for residential unit [Invoice:555790],,,"-$2,700.00","$7,386.00",1
01/19/2024,Rent payment  [Payment:V195],,,"-$2,475.00","$48,158.00",1
04/24/2025,Complex fee [Invoice:745019] [02:35],,,"-$2,050.00","$34,293.00",0
04/29/2025,Rent payment (apartment) [Payment:0JJ4],,,"-$1,450.00","$20,716.00",1
07/07/2024,Lease charge [Ref:788690],,,"-$2,300.00","$33,325.00",0
03/23/2024,Lease fee for residential unit [Payment:9QYX] [11:52],,,"$1,475.00","$44,096.00",1
10/13/2025,Unit payment [TXN:864327],,,"-$2,300.00","$40,307.00",0
06/05/2024,Monthly auto-payment [TXN:461710],,,"-$2,600.00","$9,874.00",0
03/11/2025,Recurring monthly payment [Ref:658532],,,"-$2,300.00","$19,826.00",0
12/07/2024,Unit payment for residential unit [Trans:159544],,,"-$2,500.00","$45,192.00",1
06/01/2025,Where I live payment [Ref:HL5R],,,"-$3,025.00","$11,091.00",1
03/19/2025,Residential payment Monthly anniversary [Ref:MQ0M],,,"$2,625.00","$32,468.00",1
01/28/2025,Flat fee [Date:20250128],,,-$150.00,"$26,199.00",0
04/24/2024,Real Estate Solutions [Invoice:399593],,,"-$1,400.00","$16,641.00",1
01/07/2024,Domicile Solutions [Invoice:142333] [12:41],,,"-$1,775.00","$32,613.00",1
07/21/2024,Lease payment for residential unit #392981,,,"-$1,800.00","$37,952.00",1
10/22/2024,Quarterly dwelling #213188,,,"-$2,000.00","$1,380.00",1
07/12/2025,NOT rent - utilities [Date:20250712],,,"-$2,850.00","$11,174.00",0
10/13/2025,Monthly obligation [Trans:762546],,,"-$1,300.00","$26,622.00",1
06/20/2025,Distinct from rent - service [Ref:270460],,,"-$2,550.00","$21,844.00",0
11/24/2024,Periodic 30th payment [Ref:69T7],,,"-$1,100.00","$5,070.00",0
03/09/2025,Property payment #535956 [16:44],,,"-$1,900.00","$12,178.00",0
12/22/2024,Building fee for residential unit [Invoice:374371] [23:11],,,-$875.00,"$49,730.00",1
12/21/2024,Zelle to Davis [TXN:383106],,,"-$1,150.00","$31,489.00",0
07/24/2024,Remittance to Moore [Trans:236012],,,"-$1,400.00","$3,182.00",0
10/07/2024,Periodic 30th payment [TXN:357570],,,"$2,975.00","$14,635.00",1
02/08/2024,Flat fee [ID:382050],,,"-$2,900.00","$6,776.00",0
11/15/2025,ACH to Johnson LLC (Unit 48C) [Ref:W139],,,"-$1,600.00","$26,458.00",1
06/06/2024,Rental payment [ID:941761],,,$200.00,"$24,605.00",0
01/05/2024,Recurring debit (Unit 24C) #615705,,,"-$1,075.00","$34,199.00",1
01/01/2025,Lease charge [Invoice:683578],,,"-$1,250.00","$11,082.00",0
02/14/2024,Spot payment [TXN:965720],,,"-$1,775.00","$14,664.00",1
01/01/2024,Building fee [ID:20240101-500],,,"-$2,050.00","$25,266.00",0
06/12/2025,Unit fee [TXN:620971],,,"$2,300.00","$39,715.00",0
09/15/2024,Facility Solutions [Ref:40I1],,,-$725.00,"$31,758.00",1
11/04/2024,Residential payment 10th recurring [ID:240065],,,-$725.00,"$8,131.00",1
10/13/2025,Payment to Wilson [Ref:123445] [04:28],,,"-$2,450.00","$16,719.00",0
07/11/2025,Rent payment  #714519,,,"-$1,375.00","$42,988.00",1
01/24/2025,Periodic 30th payment [Invoice:644678],,,-$650.00,"$46,634.00",0
04/14/2025,Property payment #100279,,,"-$1,450.00","$13,400.00",0
05/11/2025,Residence fee including amenities [ID:20250511-826] [04:18],,,"-$2,900.00","$48,450.00",1
09/04/2025,Apart from rent - maintenance [TXN:670311] [13:10],,,"-$1,600.00","$13,811.00",0
06/18/2024,Monthly obligation [TXN:285180],,,-$825.00,"$22,327.00",1
08/17/2025,Rental payment [TXN:178024],,,$650.00,"$20,614.00",1
02/01/2025,Unit payment [Date:20250201],,,"-$1,750.00","$15,451.00",0
12/11/2025,Residential payment Every 30 days #391855,,,"-$1,175.00","$31,086.00",1
06/04/2025,Apart from rent - maintenance [Ref:M1U0],,,"-$1,250.00","$40,938.00",0
08/07/2025,Real Estate Solutions [Invoice:290740],,,"-$1,200.00","$15,745.00",0
07/24/2025,Building fee for residential unit [ID:398979],,,"-$2,200.00","$30,909.00",1
01/10/2025,Residential payment Last day [Ref:699131],,,"-$1,700.00","$25,968.00",1
05/13/2024,Additional to rent - fee [Ref:DDY6],,,"-$2,650.00","$18,313.00",0
07/01/2024,Non-rent housing expense [Ref:776177],,,-$550.00,"$28,582.00",0
11/05/2024,Complex charge [ID:20241105-309],,,-$700.00,"$19,943.00",0
05/23/2024,Residential payment Quarterly #161506,,,$800.00,"$20,554.00",1
06/01/2024,Spot payment [Ref:451429],,,-$950.00,"$5,257.00",0
09/03/2024,Non-rent housing expense [Trans:271372],,,"-$2,450.00","$24,819.00",0
03/21/2025,Property fee for residential unit [Ref:757724],,,"-$1,500.00","$28,104.00",1
02/10/2024,Rent payment (apartment) [TXN:649151] [23:32],,,-$650.00,"$20,005.00",1
11/10/2024,NOT rent - utilities [ID:789851],,,"-$2,450.00","$4,581.00",0
08/06/2025,Automated monthly payment (Unit 27B) [ID:161862] [11:23],,,-$750.00,"$5,809.00",1
08/10/2024,Regular payment [ID:908207],,,"-$1,550.00","$2,010.00",1
12/19/2024,Habitation remittance with utilities [ID:378748],,,"-$1,800.00","$8,893.00",1
07/06/2025,Monthly on 15th (Unit 46B) [ID:317900],,,"-$1,175.00","$17,780.00",1
11/29/2024,Complex Services [ID:464655] [00:28],,,"-$2,300.00","$21,814.00",0
11/25/2024,Rent payment (apartment) [Ref:883931],,,"-$2,650.00","$48,487.00",1
11/21/2025,Building disbursement [Payment:DA70],,,"-$2,550.00","$27,706.00",0
08/27/2025,Residential payment Monthly anniversary [Payment:VYE4],,,"-$2,850.00","$2,686.00",1
08/24/2025,Real Estate Solutions [Date:20250824],,,"-$2,000.00","$22,982.00",1
12/25/2025,End of month remittance (Unit 16C) [Ref:PKCC] [05:36],,,"-$2,875.00","$26,802.00",1
12/16/2025,Lodgings remittance [Trans:616642],,,"-$1,425.00","$28,922.00",1
05/20/2025,Residence disbursement [ID:763804],,,"-$1,350.00","$15,620.00",1
08/13/2025,Facility Solutions [TXN:506192],,,"-$2,600.00","$47,561.00",0
04/29/2024,Separate from rent - deposit [ID:689564],,,"-$2,150.00","$45,694.00",0
07/21/2025,Monthly auto-payment (Unit 37A) #326862,,,"-$2,725.00","$32,680.00",1
02/15/2024,Standard monthly charge [Payment:XXM7] [06:02],,,"-$2,850.00","$2,297.00",0
10/02/2025,Additional to rent - fee [Date:20251002],,,-$250.00,"$34,096.00",0
08/22/2025,Building fee for residential unit [Payment:PONZ],,,"-$3,000.00","$18,121.00",1
03/26/2025,Regular payment (Unit 20C) [Trans:376328],,,"-$2,275.00","$35,201.00",1
05/01/2024,Rent payment (primary residence) #800324,,,"-$2,000.00","$46,423.00",1
12/06/2024,Flat fee #437895,,,"-$2,625.00","$41,684.00",1
08/06/2024,Building fee for residential unit [ID:514853],,,"-$2,375.00","$24,597.00",1
09/21/2024,Rent payment (primary residence) [Ref:620585],,,"-$1,475.00","$9,954.00",1
01/03/2024,Remittance to Moore [Invoice:110096],,,"-$1,350.00","$27,543.00",1
04/26/2024,Unit letting [Payment:L6BI],,,-$350.00,"$26,968.00",0
03/17/2024,Unit remittance [Ref:980871] [12:01],,,$500.00,"$46,207.00",0
06/19/2025,Rent payment (primary residence) [Date:20250619],,,"-$1,700.00","$6,965.00",1
07/15/2024,Rent payment (primary residence) [ID:20240715-470] [20:19],,,"-$1,450.00","$40,746.00",1
09/18/2024,Building Management [Invoice:496091],,,"-$2,200.00","$16,194.00",0
08/16/2024,Independent of rent - repair [Ref:654306] [18:10],,,"-$1,850.00","$7,860.00",0
07/04/2025,Maintenance fee + tax [ID:20250704-231],,,"-$1,850.00","$44,154.00",0
06/19/2025,Unit payment including maintenance [Date:20250619] [11:54],,,-$650.00,"$28,996.00",1
01/04/2025,Complex payment #143521,,,"-$1,850.00","$42,852.00",0
07/17/2024,Complex payment [Ref:648588] [22:25],,,"-$1,800.00","$2,485.00",0
08/18/2024,Building Management [Ref:602657],,,"$2,700.00","$2,452.00",0
06/12/2025,Unit payment [Ref:I87J] [19:33],,,"-$2,200.00","$42,764.00",0
09/09/2025,Residential payment Every 30 days [Trans:632626],,,"-$1,400.00","$6,699.00",1
05/28/2024,Letting fee [Ref:985165],,,"-$1,550.00","$35,495.00",0
03/29/2025,Lease payment for residential unit [ID:20250329-59],,,"-$2,000.00","$3,265.00",1
02/05/2025,Digs payment [ID:20250205-503],,,"-$1,275.00","$12,846.00",1
09/22/2025,Debit to Anderson [TXN:784282],,,"$2,175.00","$18,329.00",1
05/22/2025,Unit fee [Date:20250522] [23:03],,,"-$1,400.00","$26,625.00",0
08/25/2025,Regular payment [Invoice:547350],,,"$2,750.00","$43,911.00",1
01/26/2025,Building Management [TXN:573645],,,"-$1,700.00","$13,665.00",0
10/22/2025,Additional to rent - fee [Date:20251022] [09:37],,,$650.00,"$25,669.00",0
09/11/2025,Property payment for residential unit [Trans:758904] [08:56],,,"-$1,625.00","$20,555.00",1
05/21/2025,Flat fee [Invoice:793704],,,"-$1,700.00","$40,998.00",0
01/29/2025,Apart from rent - maintenance [Trans:636286] [11:49],,,-$600.00,"$16,728.00",0
10/04/2024,Rent payment (apartment) [Invoice:962945],,,"-$3,050.00","$9,614.00",1
06/29/2024,Letting fee [Invoice:959969],,,$550.00,"$18,008.00",0
07/06/2025,Rent payment (primary residence) [Trans:611327],,,"$1,200.00","$12,409.00",1
05/06/2025,Rent payment (apartment) [Trans:979646],,,-$850.00,"$9,034.00",1
06/24/2025,Rent payment  [ID:20250624-968],,,-$800.00,"$42,930.00",1
03/10/2025,End of month remittance [ID:867860],,,"-$2,350.00","$43,142.00",1
11/15/2024,Complex fee for residential unit [Trans:678863] [08:33],,,"-$1,000.00","$43,746.00",1
04/16/2025,Additional to rent - fee [Payment:9VB9] [02:14],,,"-$1,550.00","$13,601.00",0
09/01/2024,Premises Services [ID:429975],,,"$2,950.00","$23,666.00",1
03/27/2024,Unit payment #784886 [12:57],,,"-$1,500.00","$31,943.00",0
11/16/2024,End of month remittance [ID:354881] [05:21],,,$575.00,"$17,044.00",1
12/15/2025,Building disbursement [Trans:717362],,,"-$2,550.00","$38,966.00",0
04/07/2024,Rent payment (primary residence) [Date:20240407],,,-$600.00,"$44,119.00",1
12/03/2024,Housing Associates [Ref:801557],,,"-$1,925.00","$20,680.00",1
05/15/2024,Rent payment (primary residence) [Payment:NZAF],,,"-$2,975.00","$42,534.00",1
03/19/2024,Unit Management #795941,,,"-$1,250.00","$40,456.00",1
05/01/2024,Residential Services [ID:716062],,,"-$2,950.00","$13,580.00",1
11/13/2025,Residential payment Quarterly [ID:20251113-876],,,"-$1,800.00","$20,534.00",1
02/09/2024,Recurring transfer to Smith (Unit 21C) [Date:20240209],,,"-$2,800.00","$35,131.00",1
03/02/2025,Real estate management fee [Ref:5E9J],,,"-$2,150.00","$7,708.00",1
08/14/2025,Recurring debit [ID:938153],,,-$950.00,"$41,734.00",1
11/20/2024,Service Semi-monthly [Ref:417329],,,-$150.00,"$38,614.00",0
03/06/2025,Letting fee [Payment:9OWK],,,-$850.00,"$44,360.00",1
11/01/2025,Residential Services (Unit 1C) [Ref:M292],,,"$1,850.00","$25,354.00",1
03/18/2025,Other than rent - tax [Date:20250318],,,"-$2,250.00","$49,633.00",0
02/14/2024,Monthly on 15th [Trans:270900],,,"-$2,775.00","$14,783.00",1
04/12/2024,Residential Services [ID:20240412-16],,,-$900.00,"$16,364.00",0
10/01/2025,Flat fee [Date:20251001],,,"$1,000.00","$22,775.00",1
09/12/2025,ACH to Johnson LLC [Invoice:442425],,,"-$2,250.00","$10,366.00",1
07/15/2024,Complex payment for residential unit [Date:20240715],,,"-$2,025.00","$6,409.00",1
12/09/2025,Quarterly dwelling [ID:824944],,,"-$1,350.00","$23,876.00",1
12/28/2025,Unit letting [ID:139011],,,-$825.00,"$1,154.00",1
11/29/2025,Zelle to Davis [Date:20251129],,,"-$1,600.00","$17,318.00",0
11/10/2025,Residential payment Monthly anniversary [Ref:6CGE] [08:06],,,"-$2,850.00","$5,013.00",1
03/17/2025,Domicile Solutions (Unit 46A) [ID:20250317-639],,,"-$2,525.00","$9,881.00",1
06/12/2025,Check #1234 for monthly [Ref:APUN],,,"-$1,100.00","$15,368.00",0
10/28/2025,Complex charge [TXN:507089] [16:01],,,"-$2,900.00","$13,593.00",0
09/27/2024,NOT rent - utilities [Payment:2A0N],,,"-$1,100.00","$48,866.00",0
06/14/2024,Unit charge [Trans:567258],,,"-$1,450.00","$22,715.00",0
02/21/2024,Flat fee [ID:877159],,,"$2,400.00","$23,926.00",1
04/03/2024,Property payment #544780 [09:09],,,"-$2,350.00","$41,809.00",0
06/21/2025,Complex fee [Ref:WXQG],,,"-$1,900.00","$2,474.00",0
09/26/2024,Monthly on 15th (Unit 16A) [Date:20240926],,,"$1,500.00","$25,887.00",1
01/17/2024,Dwelling remittance [Invoice:973293],,,"-$1,200.00","$20,815.00",1
01/15/2025,Payment to Wilson [Trans:233049],,,"-$2,125.00","$44,292.00",1
12/13/2025,Standing order payment [Payment:M4Y2],,,"-$1,450.00","$5,170.00",0
06/20/2024,Separate from rent - deposit [Ref:564406],,,"-$1,900.00","$3,625.00",0
10/12/2025,Debit to Anderson #249305,,,"-$2,700.00","$19,478.00",0
08/03/2024,Rent payment  [Trans:177993],,,"-$1,525.00","$27,626.00",1
02/27/2025,Unit fee [Invoice:708216],,,"$2,500.00","$48,027.00",0
09/02/2024,Complex payment for residential unit [TXN:640834],,,"-$2,100.00","$25,179.00",1
12/13/2024,Distinct from rent - service [Invoice:708969],,,"-$2,400.00","$49,546.00",0
06/15/2025,Rent payment (primary residence) [Ref:958933] [15:52],,,"-$2,675.00","$5,423.00",1
06/05/2025,Excluding rent - HOA [ID:20250605-736],,,"-$1,300.00","$14,427.00",0
04/29/2024,Periodic 30th payment [ID:20240429-929],,,-$300.00,"$47,979.00",0
01/18/2025,Independent of rent - repair [ID:20250118-316],,,"-$1,350.00","$42,948.00",0
05/03/2024,Place remittance [Trans:460207],,,"-$3,050.00","$24,062.00",0
05/02/2025,Crib fee [ID:453779],,,-$750.00,"$25,463.00",1
04/16/2024,Recurring 1st week (Unit 12C) [TXN:824201],,,"-$2,650.00","$30,346.00",1
05/25/2025,Property payment for residential unit [Trans:523157],,,"-$1,950.00","$43,603.00",1
06/06/2024,Residence disbursement [TXN:406782],,,-$750.00,"$28,419.00",1
10/12/2024,Property remittance for residential unit [ID:560451],,,-$800.00,"$16,196.00",1
02/03/2025,Apart from rent - maintenance [ID:101121],,,-$700.00,"$49,003.00",0
07/07/2025,Building payment [TXN:377229] [18:24],,,"-$1,250.00","$39,035.00",0
02/17/2025,Other than rent - tax [Ref:DNZ3] [12:30],,,-$250.00,"$17,053.00",0
08/13/2025,Building disbursement for residential unit [Trans:383756],,,"-$2,275.00","$6,283.00",1
08/10/2024,Quarterly dwelling #747913,,,"-$1,050.00","$17,632.00",0
10/27/2024,ACH to Johnson LLC [Invoice:772291],,,-$350.00,"$46,282.00",0
04/30/2024,ACH to Johnson LLC [Trans:655358],,,"-$1,200.00","$14,623.00",1
10/20/2024,NOT rent - utilities [Date:20241020],,,"-$1,350.00","$18,297.00",0
03/04/2025,First of month payment [Date:20250304],,,"-$1,525.00","$17,228.00",1
01/29/2025,Rent payment (apartment) [Ref:CFVP],,,"-$2,950.00","$44,869.00",1
08/24/2025,Rent payment (primary residence) [Ref:275067],,,"-$1,225.00","$3,170.00",1
06/21/2024,Real Estate Solutions [ID:947768] [18:02],,,"-$2,700.00","$22,331.00",0
11/23/2024,Besides rent - insurance [ID:734600] [19:45],,,-$650.00,"$32,799.00",0
11/28/2025,Unit charge for residential unit #899811,,,"-$1,900.00","$10,149.00",1
07/19/2025,Lease fee for residential unit [Ref:RFJ6],,,"-$1,750.00","$25,534.00",1
03/22/2025,Lease fee for residential unit [Invoice:396363],,,"-$2,500.00","$44,443.00",1
12/26/2024,Pad payment [Ref:XA8R],,,"-$1,175.00","$27,595.00",1
02/22/2024,Monthly premises fee [Ref:745831],,,"$1,075.00","$1,886.00",1
08/28/2024,Condo fee [Payment:2K3R],,,-$850.00,"$8,304.00",1
10/08/2025,Regular payment #963216,,,"-$2,400.00","$33,685.00",1
05/24/2024,Rent payment  [ID:20240524-624],,,"-$2,775.00","$34,755.00",1
08/26/2025,Rent payment  [TXN:375537],,,"-$2,550.00","$5,089.00",1
12/03/2024,Lodgings remittance [TXN:343866],,,"-$1,400.00","$33,016.00",0
11/18/2024,Residential payment 15th auto [Trans:511410],,,"-$1,050.00","$7,313.00",1
03/28/2024,Rent payment (primary residence) [ID:518361],,,"-$1,600.00","$36,824.00",1
03/12/2025,Letting fee [Trans:984824] [21:05],,,"-$2,450.00","$22,214.00",0
08/05/2024,Apartment payment + parking [ID:20240805-610],,,"-$2,650.00","$13,668.00",1
02/25/2024,Besides rent - insurance [ID:20240225-746],,,"-$1,450.00","$34,330.00",0
12/29/2024,Apart from rent - maintenance [Date:20241229],,,-$300.00,"$28,030.00",0
12/03/2025,Semi-monthly residence [Trans:736588],,,"$1,200.00","$20,448.00",1
12/26/2025,Service fee + tax [Invoice:777074] [23:55],,,"-$1,150.00","$9,597.00",0
08/26/2024,Quarterly dwelling [ID:686697] [10:13],,,"-$2,450.00","$48,758.00",1
03/30/2024,Membership 25th standing [ID:409075],,,"$1,450.00","$47,462.00",0
08/23/2024,Service fee + insurance [TXN:373121],,,-$900.00,"$24,495.00",0
05/11/2025,Strata payment [Date:20250511],,,"-$2,375.00","$10,641.00",1
06/26/2024,Dwelling disbursement plus fees [Invoice:537905],,,"-$1,725.00","$37,481.00",1
06/29/2024,Recurring debit #204661,,,"-$1,575.00","$23,197.00",1
01/30/2025,Monthly payment to John (Unit 44A) [Ref:RJAV],,,"-$2,075.00","$6,126.00",1
06/27/2024,Recurring debit [Date:20240627] [13:10],,,-$625.00,"$30,560.00",1
03/07/2024,Rent payment  [Date:20240307],,,"-$2,675.00","$37,172.00",1
01/15/2024,Tenancy payment [Date:20240115],,,"-$2,000.00","$23,578.00",0
03/20/2025,Periodic disbursement [Payment:4RKP],,,"-$1,400.00","$31,543.00",1
04/01/2024,Check #1234 for monthly #777721 [19:27],,,"-$1,850.00","$22,632.00",1
06/08/2025,Domicile Solutions [Trans:803745],,,-$700.00,"$45,769.00",0
06/08/2025,Service fee + tax [Trans:337588] [14:51],,,"-$1,150.00","$18,679.00",0
03/23/2025,Monthly on 15th [TXN:945979],,,"-$1,200.00","$25,202.00",0
08/29/2024,NOT rent - utilities #645793,,,"-$2,000.00","$10,861.00",0
08/12/2024,Transfer to Miller [ID:20240812-292] [04:35],,,-$800.00,"$21,317.00",0
05/21/2025,First of month payment #310826 [14:50],,,"$2,100.00","$2,293.00",0
08/07/2025,Condo fee [Payment:ZM36],,,"-$2,650.00","$2,845.00",0
05/14/2025,Building Management (Unit 27A) [Ref:876397],,,"-$1,700.00","$47,670.00",1
03/31/2024,Besides rent - insurance [Trans:146936] [18:03],,,"-$1,150.00","$24,324.00",0
01/14/2025,Regular payment (Unit 32B) #396955,,,"-$2,100.00","$36,663.00",1
02/28/2025,ACH to Johnson LLC [Ref:686315],,,-$750.00,"$4,477.00",0
11/08/2025,Rental payment [Trans:880424],,,"-$2,650.00","$42,865.00",0
07/27/2024,Building Management [ID:974777],,,"$2,800.00","$47,107.00",1
04/04/2024,Crib fee [Invoice:272975] [02:42],,,-$675.00,"$38,288.00",1
07/11/2025,Letting fee [TXN:352702],,,"$1,025.00","$37,510.00",1
04/05/2025,Additional to rent - fee [Date:20250405],,,-$850.00,"$18,723.00",0
12/11/2025,Standing order payment [Trans:626593],,,-$650.00,"$16,174.00",0
09/24/2024,Recurring debit [Ref:RSNI],,,"-$2,625.00","$24,934.00",1
01/26/2024,Building Management (Unit 34A) [TXN:959870],,,"$2,025.00","$21,968.00",1
02/04/2025,Complex fee [ID:859749],,,-$850.00,"$23,615.00",0
11/25/2025,Scheduled transfer [Trans:384190] [06:43],,,"-$2,500.00","$30,267.00",0
06/23/2024,Quarterly dwelling [ID:884558] [06:11],,,"-$2,500.00","$17,458.00",1
12/08/2025,Building Management [Trans:257476],,,"-$1,050.00","$4,590.00",1
04/27/2024,Check #1234 for monthly [ID:880844],,,"-$2,525.00","$43,941.00",1
03/23/2025,Pad payment [Ref:DHKU],,,"-$1,100.00","$28,387.00",0
02/11/2025,HOA fee + tax [Date:20250211] [09:31],,,-$300.00,"$48,538.00",0
08/01/2024,Separate from rent - deposit [Ref:G871],,,"-$2,000.00","$47,528.00",0
05/24/2025,Property payment [Ref:858029],,,"-$2,950.00","$32,857.00",0
10/13/2024,Tenancy payment [Date:20241013],,,"-$2,650.00","$41,386.00",0
09/25/2024,Monthly auto-payment #822093,,,"-$2,900.00","$20,621.00",0
05/31/2025,Zelle to Davis [ID:770268] [07:35],,,"-$3,025.00","$42,264.00",1
06/27/2024,Building fee for residential unit [Date:20240627],,,"$1,425.00","$9,809.00",1
08/27/2025,Crib fee [Invoice:444778],,,-$900.00,"$40,149.00",0
12/05/2024,Building fee for residential unit [Ref:W1PM],,,"-$2,450.00","$40,514.00",1
05/26/2024,Payment on 1st of month #168936,,,-$600.00,"$3,894.00",0
03/22/2024,Facility Solutions (Unit 2C) [ID:20240322-786],,,"-$2,350.00","$4,525.00",1
09/25/2025,Rent payment (apartment) [Date:20250925],,,"-$1,400.00","$47,193.00",1
06/21/2024,Property Services LLC [Payment:GW8L] [14:35],,,$150.00,"$6,885.00",0
06/27/2024,First of month payment [Trans:580255],,,"-$1,000.00","$14,438.00",1
11/04/2025,HOA fee + tax [Invoice:897378],,,"-$2,200.00","$14,844.00",0
01/03/2025,Property payment [ID:20250103-580],,,"-$1,800.00","$49,304.00",0
01/18/2025,Complex Services [Ref:REAZ],,,"-$1,900.00","$43,270.00",1
01/28/2024,Dwelling disbursement plus fees [Payment:D8QZ],,,"-$1,800.00","$26,148.00",1
07/29/2025,Bi-weekly housing (Unit 31B) [Invoice:721026],,,"-$2,450.00","$18,601.00",1
04/25/2024,Unit charge for residential unit #344999,,,"-$2,550.00","$16,104.00",1
08/28/2024,Semi-monthly residence [Trans:627668],,,"-$2,900.00","$33,091.00",0
06/08/2025,Rent payment  [Invoice:970881],,,"-$2,725.00","$4,310.00",1
11/21/2024,Scheduled transfer (Unit 17C) [Payment:KF59] [22:50],,,"-$1,725.00","$3,253.00",1
06/07/2025,Zelle to Davis (Unit 50C) [Ref:808800],,,"-$1,250.00","$33,256.00",1
08/10/2025,Wire to Thompson [Ref:IS1B],,,"$1,350.00","$35,115.00",0
09/23/2025,Property payment [ID:573624],,,"-$1,000.00","$26,255.00",0
01/11/2024,Property fee #956872,,,"-$2,600.00","$44,766.00",0
02/14/2024,Non-rent housing expense [Ref:668085],,,"$1,400.00","$25,705.00",0
06/23/2025,Standing order payment (Unit 18C) [Ref:560511],,,"-$2,950.00","$39,915.00",1
11/09/2024,Service Quarterly [Date:20241109],,,"-$1,500.00","$38,290.00",0
03/06/2025,Additional to rent - fee [Invoice:433658],,,-$800.00,"$49,447.00",0
11/01/2024,Scheduled transfer [ID:598764],,,-$650.00,"$6,387.00",0
12/20/2025,Independent of rent - repair [ID:608447],,,"-$1,300.00","$32,960.00",0
06/04/2024,Payment on 1st of month [Trans:295074],,,"-$2,225.00","$7,418.00",1
03/31/2025,Recurring monthly payment [Invoice:269025],,,"-$2,700.00","$16,480.00",1
08/02/2024,Zelle to Davis #815533 [02:33],,,"-$2,600.00","$24,355.00",0
01/13/2025,Spot payment [Invoice:691314] [03:51],,,-$250.00,"$34,252.00",0
07/04/2024,Lease fee [Payment:2AJH],,,"-$2,700.00","$19,697.00",0
12/13/2024,Housing Associates #113192 [04:17],,,-$950.00,"$41,989.00",1
10/03/2025,Residential payment Calendar month #813753 [20:14],,,-$650.00,"$6,311.00",1
11/04/2025,Lease fee for residential unit [TXN:627147] [05:23],,,"-$2,975.00","$32,465.00",1
09/26/2025,Pad payment [TXN:253604],,,"$1,450.00","$4,266.00",0
10/14/2024,Real Estate Solutions [ID:954220],,,"-$2,025.00","$42,189.00",1
05/19/2025,Property payment [Ref:211760],,,-$400.00,"$4,692.00",0
03/24/2025,Payment to Wilson [Trans:135263],,,"-$1,675.00","$2,605.00",1
08/22/2025,Rent payment (primary residence) [Ref:3DYJ],,,"-$2,625.00","$30,558.00",1
08/20/2024,Lodgings remittance [ID:526820] [19:42],,,-$800.00,"$13,582.00",0
07/29/2024,Residential payment Every 30 days [Date:20240729],,,-$800.00,"$11,019.00",1
11/23/2025,Remittance to Moore #453020,,,"-$1,600.00","$26,776.00",1
09/08/2025,Recurring debit [ID:20250908-258],,,"$1,300.00","$19,490.00",1
05/08/2024,Recurring monthly payment [TXN:112444],,,"-$1,550.00","$39,537.00",0
12/09/2025,Invoice #APT2024-001 [ID:20251209-749] [20:12],,,"-$1,375.00","$40,602.00",1
06/07/2025,Besides rent - insurance [ID:986960] [23:40],,,-$700.00,"$25,908.00",0
10/13/2024,Rental payment [Invoice:324055],,,-$650.00,"$18,112.00",0
06/27/2025,Digs payment [Ref:9X8P],,,"-$1,700.00","$25,197.00",1
01/17/2025,Independent of rent - repair [Ref:372568],,,"-$1,900.00","$32,661.00",0
08/06/2024,Recurring monthly payment (Unit 32C) [TXN:575134],,,"-$2,250.00","$46,402.00",1
02/28/2024,Rent payment  [ID:560408] [19:57],,,"-$1,700.00","$27,480.00",1
11/26/2025,Apartment payment + parking #848568,,,"-$1,525.00","$43,316.00",1
01/21/2024,Spot payment [Trans:742185],,,"$1,100.00","$25,127.00",1
01/10/2025,Automated monthly payment [TXN:946198],,,"-$1,250.00","$21,431.00",1
03/13/2024,Besides rent - insurance [Invoice:506433],,,"-$1,450.00","$1,931.00",0
02/10/2024,Debit to Anderson [Trans:206264],,,"-$2,875.00","$31,140.00",1
05/02/2025,Periodic 30th payment [ID:20250502-157],,,"-$1,075.00","$12,101.00",1
04/26/2025,Quarterly dwelling [ID:920506] [10:50],,,"-$1,000.00","$46,158.00",1
04/09/2025,Remittance: DWELLING #886741,,,-$700.00,"$10,808.00",1
11/22/2024,Transfer to Miller [ID:20241122-203],,,$850.00,"$49,099.00",1
09/22/2025,Lease fee [TXN:183211],,,-$950.00,"$20,982.00",0
01/06/2025,Payment to Wilson [TXN:252938],,,"-$1,700.00","$30,233.00",0
11/04/2024,Apart from rent - maintenance [TXN:388793],,,$700.00,"$47,275.00",0
10/13/2025,Building disbursement [TXN:102069],,,"-$2,300.00","$22,540.00",0
01/18/2025,Quarterly dwelling [ID:984855],,,"-$1,000.00","$9,188.00",0
01/15/2024,Periodic 30th payment #275338,,,"-$2,925.00","$34,951.00",1
11/02/2024,Rent payment  [Ref:510420],,,$750.00,"$28,355.00",1
10/28/2025,Debit to Anderson [Ref:3V59],,,"-$2,850.00","$28,199.00",0
11/07/2024,Maintenance fee + insurance [Trans:954823],,,"-$1,550.00","$46,080.00",0
10/12/2025,Strata payment [Invoice:944967],,,"-$2,025.00","$12,372.00",1
05/26/2025,Place remittance [Ref:420186],,,"$2,500.00","$46,127.00",1
10/20/2025,Mid-month transfer #681045,,,"-$2,400.00","$14,188.00",1
09/07/2024,Regular payment [TXN:955604],,,"$2,300.00","$28,223.00",1
12/17/2025,Rent payment  [Trans:589397],,,-$925.00,"$42,651.00",1
04/11/2024,Residence fee including amenities [Payment:W4HM],,,-$900.00,"$35,624.00",1
04/25/2024,End of month remittance [Payment:5NNP],,,"-$2,350.00","$40,330.00",1
05/03/2024,Flat fee [Date:20240503],,,-$750.00,"$40,557.00",1
05/22/2024,Complex charge for residential unit [Invoice:516263] [20:33],,,-$950.00,"$23,013.00",1
01/26/2025,Lodgings remittance [Trans:828735],,,"-$1,875.00","$15,832.00",1
03/21/2024,Real Estate Solutions #802821,,,-$500.00,"$25,667.00",0
06/02/2025,Tenancy payment [Ref:240890],,,"-$1,925.00","$48,462.00",1
11/03/2025,Complex charge [Date:20251103],,,"-$1,850.00","$23,023.00",0
07/31/2025,Complex fee [Ref:825545] [09:40],,,-$650.00,"$23,598.00",0
05/01/2024,Recurring monthly payment [Payment:U4BM],,,"-$1,500.00","$25,363.00",0
05/11/2024,Membership Last day [TXN:454842],,,-$650.00,"$38,127.00",0
07/19/2024,Complex fee [Ref:4R0D] [11:33],,,"-$2,850.00","$14,509.00",0
02/02/2024,Transfer to Miller [Payment:HUO6],,,-$300.00,"$16,572.00",0
12/10/2024,Domicile Solutions [Payment:QCLY],,,"-$2,375.00","$32,168.00",1
02/27/2024,Dwelling disbursement plus fees #856636,,,"-$2,275.00","$11,423.00",1
03/25/2024,NOT rent - utilities [TXN:541134],,,"-$2,150.00","$37,004.00",0
05/07/2025,End of month remittance [TXN:137884],,,"-$2,800.00","$24,181.00",0
02/09/2025,Building payment [Invoice:315441],,,"-$1,500.00","$16,504.00",0
06/23/2024,Zelle to Davis [TXN:361958] [21:05],,,"-$1,800.00","$27,792.00",1
12/28/2024,Check #1234 for monthly #405112 [14:41],,,"-$2,225.00","$44,919.00",1
12/11/2024,Place remittance [Ref:E563],,,"-$2,950.00","$31,728.00",0
04/09/2024,Complex payment for residential unit [Trans:923407],,,"-$2,975.00","$15,528.00",1
12/05/2025,Property fee [ID:20251205-915],,,"-$1,350.00","$4,824.00",0
01/30/2025,Property payment for residential unit [Ref:P8PW],,,$700.00,"$47,650.00",1
05/19/2024,Standard monthly charge (Unit 7C) [Invoice:385235],,,"-$2,850.00","$45,072.00",1
11/21/2024,Property fee for residential unit [ID:20241121-995],,,-$700.00,"$5,407.00",1
08/29/2025,Remittance to Moore [Trans:945976],,,"-$2,350.00","$38,729.00",1
04/08/2024,Unit payment for residential unit [Invoice:872823],,,$950.00,"$31,497.00",1
12/01/2025,Spot payment [ID:20251201-5],,,"-$1,000.00","$6,669.00",0
03/23/2024,Lease fee [Trans:403713],,,-$850.00,"$31,204.00",0
07/05/2024,Additional to rent - fee [ID:20240705-262],,,"$1,150.00","$28,726.00",0
10/03/2025,Non-rent housing expense [Invoice:200284] [23:12],,,-$950.00,"$31,723.00",0
05/04/2024,Housing Associates [Date:20240504],,,"-$2,100.00","$39,846.00",0
11/07/2024,Distinct from rent - service [Invoice:791560],,,"-$2,150.00","$37,551.00",0
04/27/2025,Recurring 1st week [ID:20250427-667],,,"-$1,600.00","$44,603.00",1
12/07/2025,Distinct from rent - service [Invoice:182011],,,"-$1,650.00","$33,240.00",0
09/26/2024,Tenancy payment [Trans:967182],,,-$675.00,"$31,063.00",1
01/10/2025,Complex fee [ID:20250110-462],,,"-$2,350.00","$33,691.00",0
04/10/2025,ACH to Johnson LLC [ID:364164],,,"$2,850.00","$37,613.00",0
01/13/2024,Unit Management (Unit 48A) [TXN:817411],,,"-$1,700.00","$49,234.00",1
08/04/2024,End of month remittance [Payment:R2R6],,,"-$1,700.00","$33,870.00",1
12/24/2024,Crib fee [ID:587842],,,"-$2,350.00","$24,299.00",0
03/02/2025,Check #1234 for monthly [Invoice:938775],,,"$1,300.00","$12,594.00",0
05/16/2024,Rent payment (apartment) [Ref:668326] [05:24],,,"-$2,275.00","$28,895.00",1
03/02/2024,NOT rent - utilities [ID:385822],,,"-$1,000.00","$7,333.00",0
08/09/2024,Premises Services [Invoice:761066],,,"-$2,125.00","$47,661.00",1
08/27/2025,Building fee for residential unit [ID:20250827-110],,,"-$3,050.00","$28,797.00",1
04/26/2024,Rent with included services [Ref:CKI4],,,"-$1,650.00","$27,478.00",1
12/01/2025,Strata payment [Ref:480288] [10:36],,,"-$2,700.00","$47,741.00",1
11/15/2024,Tenancy remittance [Trans:573079],,,"-$1,150.00","$45,394.00",1
03/20/2024,Remittance to Moore [Trans:700146],,,"-$1,525.00","$34,592.00",1
09/12/2025,Crib fee [ID:247964],,,"$2,700.00","$48,682.00",0
09/30/2024,Unit remittance [ID:20240930-868],,,-$350.00,"$32,466.00",0
05/27/2024,Unit Management [Ref:DOGD],,,"-$1,900.00","$42,493.00",0
11/20/2024,HOA fee incl. services [Trans:563156] [02:36],,,"$3,050.00","$15,036.00",0
12/11/2025,Rent payment (apartment) [Ref:601508] [20:28],,,-$875.00,"$49,685.00",1
06/13/2024,Other than rent - tax [Invoice:305472],,,"$2,200.00","$20,019.00",0
03/06/2025,Residential payment 20th periodic [Date:20250306],,,"-$1,950.00","$21,153.00",1
12/14/2025,Real Estate Solutions #679766,,,"-$2,450.00","$25,778.00",0
05/17/2025,Building fee [Date:20250517],,,"-$1,100.00","$26,331.00",0
08/15/2024,Quarterly dwelling (Unit 11B) [Ref:N1U4],,,"-$1,850.00","$46,364.00",1
08/25/2024,Remittance to Moore [Invoice:947196] [21:32],,,"-$2,200.00","$10,534.00",0
05/07/2025,Residential payment 1st of month [Trans:910056],,,-$725.00,"$35,446.00",1
09/04/2025,Rent payment (primary residence) #893597,,,"-$2,575.00","$44,125.00",1
07/19/2024,Property remittance for residential unit [ID:935156],,,"-$2,400.00","$48,167.00",1
07/24/2025,Unit letting [Payment:GFLR],,,"$2,250.00","$25,831.00",1
05/06/2025,Lease fee for residential unit [Payment:SNS7],,,"-$1,300.00","$38,995.00",1
08/01/2024,Apartment payment + parking [ID:20240801-471] [02:57],,,"-$2,550.00","$4,769.00",1
04/05/2025,Lease payment for residential unit [Trans:994827] [02:38],,,"-$2,975.00","$36,277.00",1
01/02/2025,Rent payment (primary residence) [Ref:696144],,,"-$1,425.00","$38,628.00",1
09/19/2024,Facility Solutions (Unit 36C) [ID:20240919-955],,,"-$2,125.00","$23,949.00",1
08/04/2024,End of month remittance [Invoice:728535],,,"-$2,050.00","$14,362.00",0
04/21/2025,Domicile Solutions [Payment:U36P] [22:17],,,"-$2,200.00","$1,543.00",1
12/07/2025,Payment on 1st of month [Ref:10MV],,,-$300.00,"$21,346.00",0
11/25/2024,Premises Services [ID:20241125-748],,,-$400.00,"$48,290.00",0
11/22/2025,Facility Solutions [Trans:111648],,,-$850.00,"$33,556.00",0
12/10/2025,Complex charge [Ref:213530] [13:33],,,"-$2,800.00","$21,917.00",0
06/07/2024,Rent payment  [Ref:O46Y],,,"-$2,150.00","$4,582.00",1
08/05/2025,Property Services LLC [Invoice:557314],,,"-$1,400.00","$24,325.00",0
10/13/2024,Besides rent - insurance [Ref:787817],,,"-$2,050.00","$25,485.00",0
11/20/2024,Building disbursement for residential unit [Ref:873857],,,"-$2,400.00","$23,886.00",1
02/25/2025,Residence fee including amenities #143029,,,"-$1,050.00","$20,088.00",1
08/14/2025,Besides rent - insurance [Payment:T62U],,,"-$2,750.00","$21,576.00",0
05/18/2024,Complex charge [Ref:159147],,,-$100.00,"$19,802.00",0
04/19/2024,Unit remittance for residential unit [Date:20240419],,,"-$2,675.00","$46,986.00",1
07/15/2025,Residential payment 20th periodic [TXN:970286],,,-$650.00,"$36,626.00",1
12/04/2025,Residential payment 20th periodic [Ref:138727],,,"-$2,225.00","$31,928.00",1
01/07/2024,Building fee #111023,,,-$950.00,"$24,639.00",0
03/03/2025,Mid-month transfer [Invoice:993985],,,-$150.00,"$34,510.00",0
05/02/2025,Complex charge for residential unit [Ref:611195],,,"$2,400.00","$21,210.00",1
06/05/2024,Automated monthly payment [Trans:721270] [09:11],,,"-$2,400.00","$2,197.00",0
11/22/2025,Excluding rent - HOA #558075,,,"-$2,600.00","$9,570.00",0
08/12/2024,Rent with included services [Invoice:355188],,,$650.00,"$36,208.00",1
07/31/2024,Housing Associates [Invoice:435429] [21:21],,,"-$1,375.00","$28,318.00",1
02/02/2024,Landlord services payment [Ref:890272],,,"-$2,400.00","$46,845.00",1
10/03/2024,Monthly on 15th [ID:604245],,,"-$1,550.00","$4,232.00",0
12/21/2024,Rent payment (apartment) [ID:197157] [13:58],,,-$950.00,"$27,630.00",1
02/28/2025,Unit letting [ID:20250228-285],,,"-$1,350.00","$20,037.00",0
03/11/2025,Property payment [Invoice:388916] [13:11],,,"-$2,050.00","$15,983.00",0
01/25/2025,Building payment for residential unit [Invoice:652067],,,"-$2,200.00","$8,059.00",1
12/30/2025,First of month payment [ID:760548],,,"-$1,150.00","$6,378.00",1
06/16/2024,Building fee for residential unit [Payment:UGGG],,,"-$2,075.00","$30,900.00",1
05/09/2025,Rent payment  [Date:20250509],,,"-$2,575.00","$12,151.00",1
08/08/2024,Rent payment (primary residence) [Trans:569161] [20:26],,,"-$2,825.00","$35,584.00",1
05/13/2025,Standard monthly charge [Ref:LDBL],,,"-$2,175.00","$18,205.00",1
10/23/2024,Regular payment [ID:20241023-911],,,"-$1,350.00","$1,397.00",1
11/07/2024,Facility Solutions [Date:20241107],,,-$900.00,"$25,980.00",0
04/30/2025,Monthly obligation [ID:175185],,,"-$2,550.00","$18,506.00",0
10/19/2025,Recurring 1st week [Trans:998788],,,"-$1,700.00","$39,169.00",0
07/16/2025,Quarterly dwelling [Invoice:985945],,,-$650.00,"$6,104.00",0
07/07/2025,Quarterly dwelling [Date:20250707],,,"-$2,600.00","$40,593.00",1
08/29/2024,Lease obligation payment [Invoice:858879],,,"-$1,750.00","$47,740.00",1
02/24/2024,Remittance: DWELLING [ID:20240224-9],,,"-$2,625.00","$10,090.00",1
03/01/2024,Mid-month transfer (Unit 15B) [Ref:538645],,,"-$1,250.00","$11,767.00",1
08/02/2024,Subscription Semi-monthly [TXN:304198],,,"-$1,550.00","$7,327.00",0
03/04/2024,Apart from rent - maintenance #367658 [12:18],,,"-$1,850.00","$31,608.00",0
03/11/2024,Rent payment  [Ref:Z99F],,,"-$2,775.00","$28,517.00",1
03/14/2025,Facility management disbursement [Trans:790893],,,"-$1,050.00","$38,694.00",1
07/04/2025,Rent payment (primary residence) [Trans:692688],,,"-$2,400.00","$37,850.00",1
09/29/2025,Property payment #805893,,,-$900.00,"$34,625.00",0
03/09/2025,Residential Services [Invoice:757884],,,-$350.00,"$9,363.00",0
10/18/2025,Rent payment (primary residence) [Ref:H2K1],,,"-$1,100.00","$49,306.00",1
10/22/2024,Lease charge #309921 [06:21],,,"-$2,350.00","$35,101.00",0
12/13/2024,Debit to Anderson [TXN:924473],,,"$1,825.00","$2,392.00",1
04/26/2025,Payment on 1st of month [Payment:AGDF],,,"-$2,650.00","$14,981.00",1
04/19/2024,Periodic 30th payment [TXN:682470],,,"-$2,000.00","$11,046.00",0
10/04/2025,Payment to Wilson (Unit 17B) [Trans:138114],,,"-$1,225.00","$43,336.00",1
03/21/2024,Rent payment (apartment) [ID:20240321-250] [11:50],,,"-$1,750.00","$12,705.00",1
02/28/2025,NOT rent - utilities [ID:839979],,,"-$1,800.00","$37,872.00",0
06/29/2024,Recurring 1st week (Unit 22A) #769873,,,"-$2,100.00","$29,641.00",1
01/23/2024,Service Semi-monthly [Trans:554652],,,-$100.00,"$36,001.00",0
05/22/2025,HOA fee incl. services [Payment:99E6],,,"-$1,900.00","$35,380.00",0
10/06/2024,Wire to Thompson (Unit 19A) #644957,,,"-$1,750.00","$22,421.00",1
06/18/2024,Letting fee [Invoice:733901],,,"-$1,050.00","$39,871.00",1
08/05/2024,Debit to Anderson [ID:20240805-814],,,"-$1,200.00","$20,968.00",0
07/24/2024,Semi-monthly residence (Unit 14C) [Ref:B7TU],,,-$725.00,"$38,569.00",1
09/14/2025,Monthly obligation [Invoice:906502],,,"-$1,150.00","$19,123.00",1
05/22/2024,NOT rent - utilities [Payment:YBU5],,,"-$2,500.00","$37,146.00",0
05/07/2024,Other than rent - tax [Trans:685478],,,-$600.00,"$4,904.00",0
09/07/2025,Rent payment  #280102,,,"-$1,900.00","$12,968.00",1
10/19/2024,End of month remittance (Unit 19A) [Payment:KWEY],,,"-$1,350.00","$6,482.00",1
06/24/2025,Excluding rent - HOA [ID:627553] [09:50],,,"$1,500.00","$29,344.00",0
02/03/2025,Property Services LLC #898857,,,"-$2,100.00","$40,844.00",1
12/03/2025,Recurring monthly payment (Unit 4A) #623090,,,"-$2,700.00","$16,679.00",1
12/19/2024,Complex fee #137202,,,"-$2,050.00","$10,067.00",0
12/10/2024,Residential payment Semi-monthly [ID:170411],,,"-$1,900.00","$17,477.00",1
09/16/2025,Domicile Solutions (Unit 27C) [Date:20250916],,,"-$1,925.00","$20,833.00",1
09/09/2024,Monthly on 15th (Unit 46B) [Date:20240909],,,"-$1,975.00","$27,275.00",1
06/11/2025,Rent payment  [Payment:3SLG],,,"-$1,225.00","$46,019.00",1
12/30/2025,Recurring 1st week [ID:20251230-951],,,"-$2,050.00","$43,028.00",1
10/22/2024,Debit to Anderson (Unit 17B) #450243,,,"-$2,175.00","$30,658.00",1
09/15/2024,Recurring 1st week [ID:20240915-46],,,"-$2,000.00","$28,093.00",0
12/01/2025,Mid-month transfer [ID:20251201-21],,,"-$3,075.00","$29,409.00",1
12/27/2025,Wire to Thompson [ID:912521],,,"-$1,300.00","$41,307.00",0
06/24/2024,Rent payment (primary residence) [Invoice:503499],,,"-$2,725.00","$38,137.00",1
04/15/2025,Periodic 30th payment [TXN:442129],,,"-$1,250.00","$39,218.00",0
08/02/2025,Domicile Solutions #501118 [10:28],,,-$600.00,"$25,927.00",0
07/14/2025,Unit fee for residential unit [Trans:953494],,,"-$2,000.00","$4,594.00",1
03/21/2024,Residential Services [TXN:836342],,,"-$2,250.00","$22,663.00",1
04/20/2025,Residential Services #667219,,,"-$2,450.00","$38,771.00",0
04/25/2025,Service fee incl. services [TXN:678074],,,"-$2,700.00","$29,770.00",0
10/12/2025,Building fee for residential unit [Date:20251012],,,"-$1,125.00","$26,112.00",1
12/12/2024,Complex payment [Date:20241212],,,-$150.00,"$2,521.00",0
08/24/2025,Lease payment for residential unit #638897,,,"-$1,000.00","$39,677.00",1
08/22/2025,Wire to Thompson [Date:20250822],,,-$825.00,"$17,330.00",1
02/24/2024,Rental payment [Ref:965894] [16:17],,,-$850.00,"$7,345.00",0
04/24/2024,Separate from rent - deposit [Ref:3JC0],,,-$350.00,"$45,817.00",0
11/01/2025,Rent payment  [Date:20251101] [07:30],,,-$975.00,"$13,832.00",1
06/11/2024,Monthly on 15th [Ref:TSDP],,,"-$2,850.00","$24,601.00",0
05/01/2024,Building payment for residential unit [Payment:3DGY] [03:49],,,"-$2,875.00","$33,796.00",1
07/01/2024,Crib fee [ID:457502],,,-$900.00,"$45,178.00",1
04/06/2024,Housing Associates [Ref:516505],,,-$850.00,"$39,800.00",0
12/10/2025,Wire to Thompson [Invoice:199699],,,"-$1,825.00","$30,687.00",1
06/08/2025,Independent of rent - repair [Ref:984736],,,-$350.00,"$14,025.00",0
01/13/2024,Rent payment (apartment) #757547 [02:44],,,"-$2,850.00","$1,109.00",1
06/07/2025,Wire to Thompson [Payment:1LUT],,,"-$2,750.00","$2,370.00",0
07/30/2025,Building fee #195878,,,"-$1,950.00","$2,395.00",0
03/03/2024,Wire to Thompson [ID:913755],,,"-$1,150.00","$30,051.00",1
07/23/2025,Separate from rent - deposit [Invoice:934575],,,"-$1,050.00","$9,879.00",0
06/08/2025,End of month remittance (Unit 18B) #249091,,,"-$1,350.00","$29,831.00",1
07/19/2024,Separate from rent - deposit [Trans:793127],,,"-$2,450.00","$1,498.00",0
07/17/2024,Debit to Anderson [Ref:IPDT],,,"-$2,825.00","$35,539.00",1
12/20/2024,Building payment for residential unit [TXN:604808],,,"-$2,850.00","$20,970.00",1
02/01/2025,Membership Last day [ID:539975],,,"-$1,950.00","$26,543.00",0
02/09/2024,Monthly housing and utilities bundle [Payment:MSU1],,,-$950.00,"$2,159.00",1
02/23/2025,Monthly on 15th (Unit 30B) [Invoice:987832],,,-$850.00,"$47,685.00",1
06/12/2025,Lease charge for residential unit [Payment:AJKF],,,"-$2,000.00","$13,529.00",1
07/07/2025,Transfer to Miller (Unit 16A) [ID:20250707-67],,,"-$2,500.00","$15,235.00",1
11/03/2025,Unit payment [Trans:553668] [23:52],,,-$400.00,"$23,226.00",0
09/17/2025,Quarterly dwelling (Unit 13B) [Invoice:216831],,,"-$2,450.00","$38,706.00",1
01/24/2025,Periodic 30th payment (Unit 45A) [Payment:QZLV],,,"-$1,825.00","$32,130.00",1
12/06/2025,Unit Management [Trans:377644],,,"-$1,800.00","$42,715.00",0
02/06/2024,Recurring monthly payment [Invoice:270956],,,"-$1,150.00","$29,177.00",0
03/28/2025,Property payment [ID:705027],,,"-$1,300.00","$8,398.00",0
01/23/2024,Monthly auto-payment [Date:20240123],,,-$750.00,"$12,432.00",0
05/01/2025,Complex payment [Invoice:326138],,,"$2,000.00","$13,121.00",0
09/04/2024,Domicile Solutions [Payment:GC09],,,"-$2,200.00","$17,318.00",1
07/29/2025,Lease fee [Payment:6UAW],,,"-$1,550.00","$4,751.00",0
02/10/2025,Unit charge [TXN:888900],,,"-$2,400.00","$7,073.00",0
05/16/2024,Recurring debit [Date:20240516],,,-$650.00,"$39,688.00",0
03/12/2025,Place remittance [TXN:862387] [03:28],,,"-$1,300.00","$25,534.00",0
07/07/2025,Complex payment [Ref:130658],,,"-$1,900.00","$31,112.00",0
07/08/2024,Residential Services [Trans:302687],,,-$550.00,"$40,835.00",0
05/18/2025,Building payment [Invoice:390755],,,"-$2,300.00","$13,205.00",0
05/13/2025,Lease fee for residential unit [Date:20250513],,,"-$2,600.00","$23,578.00",1
10/10/2024,Complex Services [Invoice:800897],,,"-$2,725.00","$41,430.00",1
11/30/2024,Recurring monthly payment [Trans:387037],,,"$1,350.00","$5,453.00",1
08/21/2025,Unit charge for residential unit [Trans:560159],,,-$625.00,"$36,185.00",1
02/26/2024,Crib fee [Ref:559375],,,"-$1,800.00","$26,035.00",0
11/11/2025,Flat fee [Ref:FCH1] [23:25],,,"$2,150.00","$27,439.00",1
04/26/2024,Debit to Anderson [ID:20240426-814],,,"-$1,050.00","$32,738.00",1
10/16/2025,Check #1234 for monthly [Ref:UWQD],,,-$925.00,"$49,363.00",1
07/07/2024,Payment to Wilson #478844,,,"$2,700.00","$40,393.00",0
01/23/2025,Unit remittance for residential unit [TXN:851410] [08:38],,,-$575.00,"$31,351.00",1
02/02/2024,Rent payment (apartment) #955156 [05:14],,,"$1,425.00","$21,646.00",1
07/11/2024,Debit to Anderson [Invoice:951202],,,"-$2,575.00","$39,020.00",1
02/03/2025,Independent of rent - repair #386132,,,"-$2,050.00","$34,454.00",0
09/22/2024,Unit payment including maintenance [Ref:668126],,,"-$2,600.00","$37,959.00",1
06/21/2025,Periodic 30th payment [Date:20250621],,,"$1,000.00","$33,901.00",0
09/05/2024,Unit Management [Invoice:580805] [02:09],,,-$700.00,"$12,321.00",0
02/08/2024,Monthly on 15th [ID:20240208-900],,,"-$1,050.00","$14,776.00",1
08/23/2024,Unit payment for residential unit [TXN:622357] [23:27],,,"-$3,100.00","$30,623.00",1
05/02/2025,Quarterly dwelling [ID:369049],,,"-$1,475.00","$31,651.00",1
05/23/2024,Recurring 1st week [Date:20240523],,,"-$2,075.00","$24,299.00",1
07/12/2025,Wire to Thompson (Unit 24C) [ID:746708] [10:29],,,"-$2,250.00","$49,198.00",1
11/09/2025,Unit fee for residential unit [Date:20251109],,,"-$2,075.00","$47,102.00",1
11/03/2024,Independent of rent - repair [ID:20241103-111],,,"$1,100.00","$5,548.00",0
08/03/2024,Domicile Solutions [Invoice:342045],,,"-$2,500.00","$29,131.00",0
01/13/2024,Letting fee [Trans:627879],,,"-$1,200.00","$23,607.00",1
05/17/2025,Rent payment (apartment) [Invoice:882134],,,"-$1,075.00","$8,238.00",1
05/15/2025,Domicile Solutions [ID:964369],,,"-$2,100.00","$41,959.00",1
11/09/2025,Other than rent - tax [ID:462274],,,$800.00,"$16,707.00",0
06/04/2025,Unit fee for residential unit [Ref:287465],,,-$550.00,"$10,175.00",1
08/12/2025,Rent payment (primary residence) [Ref:131792],,,"-$3,000.00","$35,625.00",1
04/26/2025,Lodgings remittance [Ref:743667],,,-$900.00,"$38,044.00",0
11/27/2024,Monthly obligation [ID:20241127-477] [11:03],,,"-$2,100.00","$47,987.00",0
12/06/2025,Monthly payment to John [ID:824362],,,"-$1,175.00","$4,984.00",1
09/15/2025,Place remittance [Date:20250915],,,"-$2,550.00","$20,646.00",0
10/11/2024,Monthly payment to John (Unit 1C) [Trans:375872],,,-$925.00,"$30,071.00",1
07/14/2024,Residential payment 10th recurring #604240,,,"-$1,650.00","$15,627.00",1
12/03/2024,Monthly on 15th [Ref:665184] [11:38],,,"-$2,150.00","$31,265.00",0
05/05/2024,Property fee for residential unit [Payment:H88S] [01:08],,,"-$1,100.00","$16,645.00",1
08/25/2025,Separate from rent - deposit [Ref:MSXS],,,"$1,600.00","$23,783.00",0
04/16/2025,Residential Services [Invoice:859788],,,-$450.00,"$49,195.00",0
02/01/2025,Building disbursement [ID:356432],,,"-$1,200.00","$6,743.00",0
06/30/2024,Excluding rent - HOA #148165,,,"$1,350.00","$30,725.00",0
11/07/2025,Check #1234 for monthly #928309 [01:34],,,"-$1,850.00","$20,301.00",0
02/01/2025,Quarterly dwelling [Payment:AZKS],,,"-$3,100.00","$41,248.00",1
09/17/2025,Residential payment Last day [Trans:683139],,,"-$1,800.00","$49,301.00",1
11/07/2024,Facility Solutions [TXN:824638],,,-$150.00,"$13,989.00",0
08/15/2025,Transfer to Miller [ID:20250815-960],,,"-$2,200.00","$36,747.00",0
06/25/2024,Apartment 12C fee [Ref:M1BH],,,"-$3,050.00","$23,172.00",1
01/12/2025,Complex charge [Invoice:998361],,,-$900.00,"$48,122.00",0
03/28/2024,Place remittance [Date:20240328] [18:53],,,"-$1,175.00","$11,720.00",1
05/20/2024,Abode payment plus insurance [Ref:596845],,,-$900.00,"$44,394.00",1
06/27/2024,Building Management [Ref:210608] [01:01],,,"-$2,150.00","$18,151.00",1
04/02/2024,Property Services LLC (Unit 36C) [Payment:0641] [11:42],,,$650.00,"$6,222.00",1
08/17/2025,Remittance to Moore (Unit 16C) [ID:20250817-751],,,"$2,025.00","$22,122.00",1
01/17/2025,Abode payment plus insurance [Payment:WPRB] [16:29],,,"-$2,925.00","$27,029.00",1
09/09/2025,Monthly payment to John [Payment:0MEQ],,,"$1,275.00","$9,605.00",1
05/18/2024,Monthly auto-payment [Invoice:864104],,,"-$1,850.00","$11,343.00",1
12/13/2025,Additional to rent - fee [Ref:P4QX],,,"-$1,550.00","$36,325.00",0
05/17/2025,Complex payment [Invoice:116435] [20:46],,,"-$2,300.00","$34,224.00",0
05/01/2025,Automated monthly payment (Unit 30B) [Ref:284247],,,"$2,750.00","$48,113.00",1
09/24/2024,Letting fee [Ref:582250],,,"-$2,450.00","$6,331.00",0
11/27/2025,Complex fee [Ref:917V],,,"-$2,650.00","$1,986.00",0
02/11/2025,Besides rent - insurance [Payment:YP00],,,-$250.00,"$33,647.00",0
03/03/2025,Wire to Thompson [Ref:754996],,,"-$1,475.00","$20,241.00",1
07/08/2025,Independent of rent - repair [Date:20250708],,,"-$2,000.00","$11,377.00",0
02/18/2024,Service 20th periodic [ID:20240218-896] [21:31],,,"-$1,400.00","$46,489.00",0
03/26/2024,Digs payment [Trans:544434] [03:00],,,"-$1,000.00","$27,092.00",1
12/07/2024,Apart from rent - maintenance [Ref:599464] [02:15],,,"-$2,650.00","$3,953.00",0
07/22/2025,Property fee for residential unit [ID:503480],,,-$700.00,"$21,476.00",1
12/24/2025,Periodic 30th payment [Payment:VO9K] [20:26],,,"-$1,125.00","$23,299.00",1
07/17/2024,Housing Associates #633695,,,"-$2,200.00","$21,167.00",0
10/29/2025,Automated monthly payment [Trans:583425],,,-$350.00,"$18,016.00",0
07/31/2024,Monthly on 15th [Ref:167977],,,"-$1,950.00","$39,271.00",0
12/25/2024,Rent payment  [Ref:VVJ0] [06:09],,,"-$2,250.00","$25,813.00",1
03/28/2024,Domicile Solutions #550114,,,"-$2,050.00","$12,335.00",0
04/28/2025,Apart from rent - maintenance [Payment:7DNH],,,"-$1,100.00","$24,748.00",0
11/05/2025,End of month remittance (Unit 38A) [TXN:883064],,,"-$1,050.00","$33,086.00",1
05/23/2024,Complex payment for residential unit [Payment:TS69] [11:07],,,-$550.00,"$16,662.00",1
05/20/2025,Lease fee [TXN:108252],,,"-$2,750.00","$29,620.00",0
08/01/2025,First of month payment [Date:20250801],,,"-$1,750.00","$29,296.00",0
10/06/2024,Rent payment (apartment) [TXN:931912],,,-$700.00,"$18,462.00",1
03/20/2024,Unit remittance for residential unit [Ref:952243],,,"-$1,500.00","$11,554.00",1
10/19/2025,Semi-monthly residence [Invoice:244881],,,"-$2,850.00","$10,113.00",0
06/08/2025,Excluding rent - HOA [Payment:27TR] [08:29],,,"-$1,500.00","$9,937.00",0
12/14/2025,Residential Services [Ref:YBYG],,,-$600.00,"$39,418.00",0
10/09/2025,Unit Management (Unit 24A) [Date:20251009],,,"-$2,450.00","$1,338.00",1
11/25/2024,Rent payment  #100556,,,"-$1,975.00","$47,741.00",1
03/30/2025,Membership 20th periodic [Invoice:362481],,,"-$2,100.00","$34,947.00",0
01/06/2024,Payment to Wilson [TXN:859763] [01:37],,,"-$2,300.00","$2,397.00",1
12/30/2024,Standing order payment [Payment:BF5U],,,"-$2,750.00","$6,373.00",1
06/20/2024,Property Services LLC [Invoice:978208],,,"-$2,000.00","$24,666.00",0
08/04/2024,Building Management [Trans:104656],,,-$650.00,"$37,107.00",0
05/17/2025,Mid-month transfer [Invoice:934875],,,-$600.00,"$37,833.00",0
03/27/2024,Excluding rent - HOA [Date:20240327],,,"-$2,150.00","$26,112.00",0
04/15/2024,Rent payment  [TXN:525465],,,"-$1,800.00","$16,381.00",1
04/18/2024,Bi-weekly housing [ID:20240418-586],,,"-$2,225.00","$16,024.00",1
12/09/2024,Real Estate Solutions [Trans:805858] [18:19],,,"-$2,950.00","$23,266.00",1
11/18/2025,Condo fee #877741,,,-$850.00,"$6,469.00",0
12/23/2024,Rent payment  [Invoice:111539],,,"-$2,625.00","$18,413.00",1
03/06/2025,Unit Management [Invoice:167423],,,"-$2,050.00","$8,203.00",0
09/18/2025,Transfer to Miller [ID:20250918-864],,,"-$2,850.00","$45,001.00",0
10/12/2024,Semi-monthly residence [TXN:222763],,,-$550.00,"$4,807.00",1
08/28/2024,Complex Services [Ref:EUSX] [14:38],,,-$350.00,"$44,013.00",0
12/20/2024,Standing order payment [Payment:TVB9],,,"-$1,250.00","$47,773.00",1
09/14/2025,Letting fee #743012 [15:37],,,-$625.00,"$27,262.00",1
02/02/2025,Rent payment (primary residence) [ID:20250202-840],,,-$625.00,"$30,291.00",1
03/02/2024,Automated monthly payment [Trans:734712],,,-$900.00,"$22,367.00",0
12/28/2024,Distinct from rent - service [Payment:0NZJ],,,-$700.00,"$24,876.00",0
04/18/2025,Service 5th monthly [Invoice:867641],,,"-$2,550.00","$34,683.00",0
06/29/2024,ACH to Johnson LLC [Ref:QPIZ],,,"-$1,200.00","$35,422.00",1
03/27/2024,Rent payment (apartment) [Trans:585872],,,"-$2,500.00","$29,827.00",1
11/14/2024,Bi-weekly housing (Unit 43A) [Invoice:430895],,,"-$1,750.00","$27,954.00",1
08/04/2025,Additional to rent - fee [Date:20250804] [18:01],,,-$350.00,"$38,594.00",0
11/06/2024,Maintenance fee + insurance [Payment:FDMT],,,"-$2,800.00","$49,728.00",0
08/19/2025,Residential payment Monthly anniversary [Date:20250819] [07:06],,,"-$2,700.00","$27,456.00",1
05/07/2025,Lease fee [Trans:168892],,,$100.00,"$37,530.00",0
03/22/2025,Monthly auto-payment [Payment:1PG4],,,"$2,375.00","$31,115.00",1
07/03/2024,Utility fee + tax [ID:20240703-896] [10:41],,,"$1,550.00","$12,363.00",0
05/19/2024,Letting fee [Ref:234229] [10:55],,,$350.00,"$37,099.00",0
02/14/2024,End of month remittance [ID:670994],,,"-$1,500.00","$7,153.00",1
02/17/2025,Payment on 1st of month [Date:20250217],,,"$2,800.00","$49,391.00",0
08/31/2024,Transfer to Miller #646219,,,"-$2,900.00","$24,844.00",1
05/15/2024,Scheduled transfer [Ref:F933],,,"-$2,150.00","$7,268.00",1
11/20/2025,First of month payment (Unit 35A) [Ref:QZVK],,,"-$2,775.00","$43,691.00",1
03/23/2025,Apart from rent - maintenance [Ref:530939],,,"-$2,500.00","$14,214.00",0
12/07/2025,Subscription Every 30 days #499116,,,$450.00,"$23,333.00",0
05/13/2024,Payment to Wilson (Unit 29A) [ID:794229],,,"-$1,875.00","$15,234.00",1
10/03/2025,Non-rent housing expense [Payment:P449],,,"$1,000.00","$41,213.00",0
03/07/2025,Unit letting #848709 [02:02],,,"-$2,600.00","$42,574.00",1
02/01/2024,Residential payment Monthly anniversary [ID:20240201-971],,,"-$1,425.00","$22,728.00",1
12/28/2025,Scheduled transfer [TXN:581689],,,-$750.00,"$9,877.00",0
06/19/2024,Domicile Solutions [ID:20240619-645],,,-$675.00,"$27,818.00",1
08/08/2025,Property Services LLC [Trans:274263],,,-$900.00,"$5,779.00",1
03/19/2024,Lease charge for residential unit [Date:20240319],,,"-$1,425.00","$8,899.00",1
10/12/2024,Building fee [ID:916109],,,"-$1,700.00","$26,891.00",0
04/30/2024,Rent payment (primary residence) [Payment:EZRH] [07:57],,,"-$1,050.00","$7,098.00",1
03/27/2025,Building fee for residential unit [TXN:321838],,,"-$2,725.00","$9,670.00",1
07/31/2024,Unit payment for residential unit #328317,,,"-$1,925.00","$44,726.00",1
09/18/2024,Property fee for residential unit [Payment:U3DX],,,"-$1,050.00","$23,522.00",1
06/13/2025,Accommodation remittance including tax [Ref:LPWK],,,-$900.00,"$14,812.00",1
02/07/2024,Zelle to Davis (Unit 9B) [TXN:526749],,,"-$2,200.00","$42,589.00",1
11/13/2024,Transfer to Miller [Payment:9C4J],,,"-$1,550.00","$27,839.00",1
10/27/2025,My apartment payment [TXN:670523],,,"-$1,425.00","$16,998.00",1
03/16/2024,Abode payment plus insurance #314406 [18:33],,,"-$2,700.00","$7,562.00",1
01/25/2024,Residential payment Every 30 days [ID:20240125-932],,,"-$1,025.00","$3,594.00",1
02/16/2024,Crib fee [Ref:266623],,,"-$1,350.00","$36,880.00",0
05/14/2025,Premises Services #969413,,,"-$1,950.00","$44,629.00",0
02/23/2024,Complex Services [Date:20240223] [20:05],,,"-$1,425.00","$15,591.00",1
06/11/2025,Monthly auto-payment [ID:119723],,,"-$3,000.00","$12,832.00",0
12/26/2024,Recurring debit [Payment:F9S2] [18:09],,,"-$2,225.00","$4,524.00",1
02/01/2025,Lease charge [Date:20250201],,,"-$1,850.00","$23,316.00",0
11/17/2024,Bi-weekly housing [TXN:784309],,,"-$2,850.00","$16,306.00",0
11/05/2025,Crib fee #408074,,,"-$1,650.00","$41,667.00",1
04/30/2025,Distinct from rent - service [Date:20250430] [09:35],,,"-$1,400.00","$39,384.00",0
06/19/2025,Zelle to Davis [Payment:46SR],,,"-$1,650.00","$45,556.00",0
11/27/2024,Rent payment (primary residence) [Ref:720268],,,"-$2,600.00","$9,768.00",1
07/21/2025,Unit payment [Date:20250721],,,"-$1,050.00","$46,195.00",0
11/08/2024,Automated monthly payment [Trans:614150],,,$500.00,"$25,907.00",0
01/19/2025,Independent of rent - repair [ID:206251] [12:51],,,"-$1,900.00","$30,050.00",0
08/24/2025,Lodgings remittance [Date:20250824],,,"-$2,150.00","$35,219.00",0
06/26/2024,Wire to Thompson [ID:923076] [04:02],,,"-$2,400.00","$8,682.00",1
10/24/2025,Building fee for residential unit [Date:20251024],,,"-$2,050.00","$7,110.00",1
05/27/2025,Real Estate Solutions (Unit 45C) [TXN:885940],,,"-$1,050.00","$32,315.00",1
04/04/2025,Premises Services [Date:20250404],,,"-$1,550.00","$4,981.00",0
09/13/2025,NOT rent - utilities [Invoice:256368],,,"-$1,600.00","$31,088.00",0
06/04/2025,Spot payment [Ref:891575],,,"-$1,325.00","$20,829.00",1
12/05/2025,Payment on 1st of month #684187,,,"-$2,550.00","$10,071.00",1
11/05/2025,Unit Management [Ref:3QBK] [07:57],,,"-$1,450.00","$45,467.00",1
10/10/2025,Separate from rent - deposit [Invoice:122088] [21:01],,,"-$2,950.00","$29,265.00",0
11/29/2025,Rent payment (apartment) [Ref:0TWP],,,"-$2,150.00","$42,803.00",1
06/01/2024,Payment to Wilson (Unit 40A) [Trans:911164] [09:16],,,"-$1,250.00","$15,224.00",1
10/01/2024,End of month remittance [Invoice:799912],,,"-$2,225.00","$43,223.00",1
11/17/2025,Housing Associates (Unit 33C) [ID:225264],,,"-$1,575.00","$26,899.00",1
07/20/2024,Transfer to Miller [Ref:ZYG2],,,-$850.00,"$46,407.00",0
09/20/2024,Unit remittance [Date:20240920] [05:42],,,-$750.00,"$34,811.00",0
09/20/2025,Independent of rent - repair #779216 [01:48],,,"-$2,150.00","$24,903.00",0
02/13/2025,Rent payment (apartment) [Ref:IPXR],,,"-$2,325.00","$30,794.00",1
08/18/2025,Lease fee #590531,,,$350.00,"$21,786.00",0
07/07/2024,Standing order payment [Payment:K3ND] [23:56],,,"-$1,450.00","$39,937.00",1
06/06/2024,Rent payment  [TXN:393458],,,"-$2,100.00","$11,141.00",1
04/10/2025,Semi-monthly residence [Ref:03AE],,,"-$1,975.00","$32,189.00",1
12/11/2025,Premises Services [Payment:Z5JV],,,-$950.00,"$28,435.00",0
12/27/2025,Unit disbursement for residential unit [TXN:644594],,,"-$2,825.00","$33,221.00",1
08/12/2024,Rent payment (apartment) [Ref:ET2E],,,-$550.00,"$15,703.00",1
07/19/2024,Rent payment  [Trans:299621],,,-$725.00,"$1,640.00",1
06/03/2024,Accommodation remittance including tax [ID:677587],,,"-$1,700.00","$18,731.00",1
12/19/2025,Automated monthly payment [Invoice:239642],,,"-$2,800.00","$39,227.00",0
08/03/2024,Tenancy payment #970825,,,"-$1,150.00","$29,106.00",0
08/15/2025,Complex Services [Date:20250815],,,-$700.00,"$25,892.00",0
08/23/2025,Wire to Thompson [ID:916002],,,"-$1,400.00","$29,858.00",0
06/22/2025,Building disbursement for residential unit [TXN:117301],,,"-$2,200.00","$15,696.00",1
06/11/2024,Property Services LLC (Unit 8C) [Trans:504854],,,"-$1,425.00","$48,725.00",1
05/15/2024,Lease payment [Ref:AG78],,,-$450.00,"$19,029.00",0
10/20/2024,Place remittance [Invoice:372172],,,-$250.00,"$16,221.00",0
12/12/2025,Property Services LLC [Payment:G1L1] [17:58],,,-$850.00,"$32,476.00",0
03/28/2024,Rent payment  [TXN:666679],,,-$725.00,"$31,860.00",1
05/03/2025,Rent payment  [ID:149981],,,"-$2,500.00","$49,831.00",1
10/01/2025,Rent payment  [Trans:377967],,,"-$2,100.00","$25,192.00",1
06/15/2025,Service fee + insurance [ID:20250615-367],,,"-$1,000.00","$48,769.00",0
08/05/2025,Other than rent - tax #226466,,,-$500.00,"$25,636.00",0
07/28/2025,Recurring debit [ID:908910] [02:10],,,"-$1,200.00","$34,933.00",1
08/10/2024,Scheduled transfer [Payment:GZ10] [10:26],,,"-$2,100.00","$12,336.00",0
06/03/2025,Rental payment [TXN:292515],,,"-$1,325.00","$36,462.00",1
02/29/2024,Lodging remittance [Payment:F1EK],,,"-$1,100.00","$5,559.00",1
03/17/2025,HOA fee incl. services [Ref:JWH9] [15:26],,,-$900.00,"$40,107.00",0
06/27/2025,Zelle to Davis [ID:744560],,,"-$2,350.00","$37,920.00",0
06/04/2025,Rent payment (primary residence) [Invoice:452297],,,"-$2,575.00","$34,609.00",1
10/11/2025,Pad payment [Payment:4NGQ],,,"-$1,400.00","$7,503.00",0
05/22/2024,Flat fee [TXN:452663],,,"-$2,100.00","$12,449.00",1
01/16/2025,Automated monthly payment (Unit 1B) [ID:20250116-575],,,"-$2,400.00","$22,645.00",1
06/16/2025,Semi-monthly residence [Payment:1WKV],,,-$700.00,"$12,863.00",0
04/15/2025,Property Services LLC [Ref:AOKY],,,"-$2,850.00","$18,971.00",1
11/26/2025,Rent payment (apartment) [ID:120268],,,-$900.00,"$22,815.00",1
08/07/2025,Building Management [Invoice:167151],,,"-$1,050.00","$24,364.00",1
03/01/2025,Rent payment (apartment) [Date:20250301],,,"-$2,900.00","$17,592.00",1
05/13/2025,Semi-monthly residence [Trans:442468],,,-$700.00,"$18,220.00",0
04/16/2024,Separate from rent - deposit [Trans:609964],,,"-$2,300.00","$40,676.00",0
07/05/2025,Utility fee + insurance [Invoice:524318],,,"-$2,350.00","$41,887.00",0
10/21/2025,Real Estate Solutions [Trans:901857] [01:33],,,-$350.00,"$34,348.00",0
12/13/2024,Lease charge [Ref:1Z74],,,"-$2,300.00","$28,144.00",0
11/25/2024,Unit remittance for residential unit [Payment:M7NO],,,"-$2,125.00","$6,534.00",1
07/06/2025,Semi-monthly residence (Unit 36B) [Ref:542885],,,"-$1,425.00","$7,680.00",1
10/11/2025,Property Services LLC [ID:320823],,,-$850.00,"$36,306.00",0
10/28/2025,Regular payment [Ref:073P],,,"-$2,375.00","$42,299.00",1
09/17/2025,Unit charge [ID:20250917-428],,,-$200.00,"$36,188.00",0
04/22/2025,Lease charge for residential unit [TXN:423423],,,"-$2,900.00","$17,831.00",1
02/27/2025,Recurring debit #239577,,,-$750.00,"$11,101.00",0
05/07/2025,End of month remittance [Ref:735476],,,-$975.00,"$9,932.00",1
11/29/2025,Semi-monthly residence [Date:20251129],,,"$1,550.00","$21,218.00",0
11/27/2024,Scheduled transfer [Payment:I44I],,,"-$2,500.00","$9,652.00",0
04/15/2024,Rental payment [ID:20240415-29],,,-$750.00,"$42,767.00",1
07/13/2024,Rent payment (primary residence) [Payment:TB3K],,,"$2,725.00","$9,563.00",1
08/08/2024,Flat fee [Date:20240808],,,"$1,200.00","$5,458.00",0
05/12/2024,Monthly on 15th [Payment:NURM],,,-$600.00,"$38,510.00",0
01/04/2025,Apart from rent - maintenance [Trans:104743] [14:04],,,"-$1,600.00","$5,608.00",0
10/12/2025,Building fee for residential unit [Trans:943570],,,-$950.00,"$7,509.00",1
02/11/2024,Strata payment [Invoice:283814],,,"-$1,550.00","$20,633.00",1
07/06/2024,Payment on 1st of month (Unit 6A) [Payment:FH5X],,,"-$1,725.00","$40,358.00",1
01/10/2024,Rental payment #352012,,,"-$2,250.00","$47,853.00",0
03/25/2024,Property payment [ID:20240325-756] [07:56],,,"-$1,550.00","$2,520.00",0
01/05/2025,Quarterly dwelling [Ref:830601],,,"-$1,525.00","$11,222.00",1
11/07/2024,Lease payment for residential unit [Trans:998462],,,"-$1,325.00","$16,197.00",1
09/11/2024,Building disbursement for residential unit [Ref:667735],,,"-$2,950.00","$6,576.00",1
12/09/2025,Dwelling disbursement plus fees #481228,,,"-$3,000.00","$3,349.00",1
11/10/2025,Property remittance for residential unit [Ref:5OKS],,,"-$2,750.00","$35,669.00",1
06/08/2024,Quarterly dwelling [ID:426859],,,"-$1,650.00","$20,218.00",1
01/03/2025,Semi-monthly residence #194553,,,"-$1,425.00","$12,343.00",1
10/08/2024,Rent payment (primary residence) [Trans:866686],,,-$800.00,"$2,425.00",1
06/30/2024,Facility Solutions [Trans:171289],,,"-$2,350.00","$16,010.00",0
05/09/2025,Subscription Quarterly [ID:20250509-838],,,"-$3,050.00","$29,470.00",0
10/06/2025,Apart from rent - maintenance [Trans:681147],,,"-$1,950.00","$42,731.00",0
06/24/2025,Maintenance fee incl. services [ID:20250624-517],,,"-$2,550.00","$21,444.00",0
04/27/2024,Independent of rent - repair [Date:20240427],,,"-$1,850.00","$47,962.00",0
07/29/2025,Property fee for residential unit [TXN:737717],,,-$850.00,"$35,587.00",1
03/22/2024,Rent payment (primary residence) [Ref:895164],,,"-$2,175.00","$24,338.00",1
04/08/2024,Lease fee for residential unit [TXN:358757],,,"-$1,950.00","$18,410.00",1
09/11/2025,Rental payment [Ref:101287],,,"-$2,875.00","$49,120.00",1
09/09/2024,First of month payment [Payment:33HK],,,"-$2,050.00","$12,858.00",0
11/28/2024,Building payment for residential unit [ID:872941],,,"-$1,200.00","$6,152.00",1
04/10/2025,Crib fee #466804 [03:14],,,-$300.00,"$14,712.00",0
06/01/2024,Monthly payment to John [Ref:DM4A],,,"-$2,450.00","$17,771.00",1
04/05/2025,Unit letting [ID:20250405-727],,,"-$1,425.00","$37,474.00",1
07/13/2024,Building Management [Date:20240713],,,"-$1,550.00","$31,704.00",1
11/13/2025,Subscription 20th periodic [Ref:854736],,,"-$1,150.00","$30,064.00",0
05/11/2025,Standing order payment [TXN:846756] [00:54],,,-$900.00,"$9,055.00",0
01/16/2024,Building payment for residential unit [Ref:AYJL],,,"-$1,475.00","$33,109.00",1
08/22/2024,Complex charge for residential unit [Payment:Q99P],,,"-$1,625.00","$38,061.00",1
06/18/2024,Building Management [Trans:782669],,,"$1,175.00","$18,141.00",1
05/03/2025,Flat fee [TXN:614922],,,"-$2,275.00","$47,677.00",1
02/04/2024,Rent payment  [Invoice:239314],,,"-$2,575.00","$19,430.00",1
07/20/2025,Residential Services [Payment:0IHN],,,-$650.00,"$21,569.00",1
02/20/2025,Strata payment [ID:174346],,,"$1,850.00","$41,391.00",1
10/27/2024,Spot payment [TXN:621482],,,"-$1,100.00","$33,636.00",0
05/30/2025,Rent payment (apartment) [Ref:519487],,,"-$2,725.00","$28,445.00",1
12/13/2024,Regular payment [Date:20241213],,,"-$2,000.00","$24,346.00",0
01/15/2025,Independent of rent - repair [Ref:605915],,,"$1,150.00","$28,791.00",0
12/22/2024,Complex Services [Ref:KVPL],,,"-$1,875.00","$15,166.00",1
06/07/2024,Rent payment  [Ref:OMPO],,,-$800.00,"$20,617.00",1
03/26/2024,Scheduled transfer #202364,,,"$3,050.00","$17,924.00",0
01/15/2025,Rent payment (apartment) [Payment:81XX] [07:05],,,-$900.00,"$15,662.00",1
12/19/2025,Periodic 30th payment [Ref:649634],,,"-$1,400.00","$30,361.00",1
04/09/2024,Building payment for residential unit [Trans:513023],,,"-$1,350.00","$10,376.00",1
12/17/2024,Quarterly dwelling (Unit 2B) [Payment:31UZ],,,"-$3,000.00","$5,232.00",1
11/03/2025,Non-rent housing expense [TXN:248751],,,"-$1,800.00","$9,587.00",0
05/28/2025,Complex payment [Invoice:879395],,,"-$2,150.00","$4,241.00",0
02/07/2024,Monthly premises fee [Trans:258016],,,"-$1,425.00","$8,898.00",1
08/21/2024,Regular payment [Payment:10MY] [06:20],,,"-$1,975.00","$18,599.00",1
11/17/2025,Mid-month transfer [Trans:993661],,,"-$2,650.00","$15,563.00",0
07/04/2025,Rent payment (primary residence) [Ref:179549],,,"-$1,550.00","$19,511.00",1
05/26/2025,Complex management remittance [ID:246000],,,"-$1,075.00","$22,894.00",1
02/29/2024,Independent of rent - repair [Ref:631531],,,-$400.00,"$41,671.00",0
08/05/2025,Property remittance for residential unit [Ref:S925],,,-$950.00,"$40,969.00",1
05/05/2024,Property remittance for residential unit [TXN:576598],,,"-$2,200.00","$28,109.00",1
12/10/2024,Apart from rent - maintenance [Invoice:741578],,,"-$2,650.00","$5,969.00",0
04/24/2024,Independent of rent - repair [Invoice:980458] [06:28],,,"$2,900.00","$9,681.00",0
04/23/2025,Periodic disbursement [Date:20250423],,,-$675.00,"$27,427.00",1
03/20/2025,Residential Services [TXN:318999],,,"-$2,850.00","$8,428.00",0
10/17/2024,Residential payment 10th recurring [Date:20241017],,,-$850.00,"$39,959.00",1
07/30/2025,Service fee + insurance #310642,,,"-$3,000.00","$16,187.00",0
12/26/2025,Apart from rent - maintenance [Trans:751176] [09:20],,,"-$2,500.00","$45,571.00",0
09/30/2024,Distinct from rent - service [Payment:VC89] [04:12],,,"$2,900.00","$47,262.00",0
08/16/2025,Building fee #335157,,,"-$1,050.00","$37,763.00",0
08/28/2024,Premises fee with service charge [ID:173566],,,"$2,925.00","$27,514.00",1
03/06/2025,Payment on 1st of month [Payment:ZVK6] [07:04],,,-$950.00,"$1,765.00",0
05/31/2025,Building disbursement [Invoice:775544],,,"$2,350.00","$14,785.00",0
01/08/2024,Complex charge for residential unit [Ref:956762] [09:17],,,"-$1,025.00","$45,085.00",1
01/07/2024,Complex payment for residential unit [Trans:360208],,,"-$1,550.00","$23,235.00",1
05/01/2025,NOT rent - utilities [Payment:CVN6],,,"-$1,000.00","$42,954.00",0
10/26/2024,Rent payment (apartment) [Ref:949488],,,"-$2,475.00","$47,137.00",1
11/04/2024,Recurring debit [Trans:980333],,,"-$1,800.00","$28,773.00",0
03/30/2024,Separate from rent - deposit [Trans:537300],,,"-$2,100.00","$37,897.00",0
02/29/2024,Dwelling disbursement plus fees [Ref:862804],,,-$750.00,"$35,544.00",1
04/28/2024,Complex fee for residential unit [ID:20240428-701],,,"-$1,550.00","$10,960.00",1
10/07/2024,Unit payment [Ref:774825],,,"-$1,250.00","$43,153.00",0
02/20/2024,Rent payment (primary residence) [TXN:686054] [23:33],,,"-$1,200.00","$29,836.00",1
10/29/2024,Housing Associates (Unit 12C) #115807,,,-$750.00,"$32,234.00",1
03/23/2025,Wire to Thompson [ID:20250323-476] [07:21],,,"-$1,600.00","$35,786.00",0
08/13/2024,Rental payment [Ref:SFLM],,,"-$1,950.00","$43,457.00",0
10/28/2025,Building fee [Ref:6BX7],,,"-$1,300.00","$2,053.00",0
05/27/2025,Recurring 1st week (Unit 1B) [ID:795807],,,"-$1,050.00","$36,086.00",1
09/02/2024,Complex payment [ID:20240902-626],,,"-$1,150.00","$41,298.00",0
11/04/2025,Payment to Wilson #808106,,,"-$2,300.00","$45,183.00",1
02/09/2025,First of month payment [Trans:218805],,,"-$2,900.00","$29,492.00",0
10/08/2024,Ref: RES-UNIT-5B #541617,,,"-$1,950.00","$43,731.00",1
09/04/2024,Automated monthly payment [Ref:1425],,,-$900.00,"$15,519.00",0
12/01/2024,Periodic disbursement [TXN:367778],,,"$1,150.00","$11,391.00",0
05/20/2025,Flat fee [Date:20250520] [21:33],,,"-$2,250.00","$23,521.00",1
01/15/2025,Membership First Monday [TXN:463238],,,"-$1,750.00","$16,002.00",0
07/04/2024,Payment to Wilson [Trans:391961],,,"$1,300.00","$47,495.00",0
09/18/2025,Besides rent - insurance [Trans:462745] [08:52],,,"-$2,050.00","$1,375.00",0
07/12/2024,Besides rent - insurance [ID:20240712-41],,,"-$1,400.00","$37,389.00",0
10/25/2024,Residential Services [Ref:249714],,,-$450.00,"$1,741.00",0
03/12/2024,Standard monthly charge [Ref:325401],,,"-$2,325.00","$28,283.00",1
09/24/2024,HOA fee + insurance [ID:681544],,,"-$2,200.00","$16,020.00",0
10/30/2025,Regular payment #929685,,,"-$1,800.00","$15,793.00",0
05/25/2024,Property remittance [TXN:848929] [07:48],,,"-$2,700.00","$42,403.00",0
05/09/2024,Building fee for residential unit [Invoice:600081],,,"-$2,550.00","$10,214.00",1
09/25/2024,Property Services LLC (Unit 47A) [ID:471474],,,-$900.00,"$34,054.00",1
04/30/2025,Unit Management [ID:393680],,,-$750.00,"$44,036.00",1
10/30/2024,Rent payment (primary residence) #199546,,,"-$1,000.00","$27,811.00",1
11/25/2024,End of month remittance (Unit 41C) [Trans:470670],,,-$950.00,"$43,376.00",1
05/27/2024,Rent payment (apartment) [ID:478154],,,"-$1,250.00","$28,137.00",1
04/03/2025,Unit Management #257455,,,"-$1,750.00","$40,590.00",1
03/01/2025,First of month payment [Payment:OBC5],,,"-$1,325.00","$7,428.00",1
01/22/2024,Periodic disbursement [Date:20240122],,,"-$1,825.00","$5,341.00",1
09/09/2025,Building Management #973588,,,"-$2,225.00","$11,943.00",1
09/29/2024,Accommodation remittance including tax [ID:20240929-913] [03:47],,,"-$2,825.00","$40,284.00",1
10/25/2024,Payment to Wilson [Trans:664747] [06:27],,,"-$2,750.00","$35,444.00",0
08/20/2025,Building Management (Unit 48C) [Ref:390413],,,"$2,075.00","$39,647.00",1
08/18/2024,Condo fee [Date:20240818],,,"-$2,400.00","$30,908.00",0
11/05/2025,HOA fee + tax [ID:317888],,,"-$2,050.00","$12,331.00",0
07/28/2024,Additional to rent - fee [ID:20240728-712] [20:55],,,"-$2,850.00","$5,866.00",0
03/24/2025,Transfer to Miller [Ref:QK2O],,,"-$2,750.00","$42,775.00",0
02/07/2024,Rent payment (primary residence) [ID:900067],,,"-$2,550.00","$44,632.00",1
06/06/2024,Utility fee incl. services [ID:20240606-806],,,"-$1,500.00","$38,323.00",0
04/08/2025,Digs payment [Ref:IA2Q] [00:41],,,"-$1,300.00","$9,394.00",0
04/26/2024,Distinct from rent - service [Ref:169554],,,-$800.00,"$7,404.00",0
09/03/2025,Standard monthly charge [TXN:626942],,,"$1,600.00","$44,036.00",0
02/28/2025,Unit fee for residential unit [Date:20250228],,,"-$1,150.00","$9,592.00",1
03/26/2024,Subscription Last day [Trans:553926],,,-$350.00,"$37,800.00",0
08/11/2024,Lease charge [ID:20240811-520],,,"-$2,400.00","$45,141.00",0
04/11/2025,Building payment for residential unit [Date:20250411],,,"-$2,450.00","$30,124.00",1
01/27/2024,Additional to rent - fee [TXN:239891],,,"-$1,050.00","$41,652.00",0
04/15/2025,Other than rent - tax [ID:835743],,,"-$2,950.00","$6,095.00",0
01/30/2024,Premises fee with service charge #801025,,,"-$2,425.00","$26,106.00",1
11/11/2024,Besides rent - insurance [Ref:BLFJ],,,"-$1,350.00","$12,840.00",0
07/09/2024,Non-rent housing expense [ID:478583] [06:36],,,-$550.00,"$12,098.00",0
12/07/2024,Payment on 1st of month [Payment:P47A],,,"-$1,900.00","$37,732.00",0
02/21/2025,Recurring monthly payment [Ref:795830],,,"-$2,125.00","$48,796.00",1
08/30/2024,Strata payment [Ref:752117],,,"$1,700.00","$38,847.00",0
07/19/2025,Complex charge for residential unit [Date:20250719],,,"-$2,050.00","$20,877.00",1
01/29/2025,Rent payment (apartment) [Trans:298582],,,"-$2,100.00","$2,683.00",1
12/10/2024,Standard monthly charge [Payment:H189],,,"-$2,950.00","$41,862.00",1
08/23/2024,Lease payment for residential unit #103365 [22:26],,,"-$2,925.00","$34,672.00",1
10/12/2025,Complex Services [Ref:6ZY9],,,"-$1,250.00","$1,919.00",0
12/14/2025,Rent with included services [Date:20251214],,,"-$1,300.00","$35,332.00",1
02/10/2025,Lease fee [ID:362470] [07:09],,,"-$1,600.00","$42,161.00",0
08/18/2025,Unit remittance for residential unit #517864,,,"-$1,425.00","$46,893.00",1
12/06/2024,Abode payment plus insurance [Ref:HCU6],,,"-$1,400.00","$11,226.00",1
07/05/2024,Monthly payment to John [TXN:157474],,,"-$2,650.00","$21,966.00",1
02/15/2024,Unit remittance for residential unit [Invoice:132015],,,-$775.00,"$31,451.00",1
05/23/2025,ACH to Johnson LLC [TXN:701336],,,"-$3,050.00","$10,058.00",1
12/07/2024,Lease fee [Date:20241207],,,"-$2,050.00","$3,595.00",0
03/05/2025,Additional to rent - fee [Ref:B9O4],,,"-$2,950.00","$35,727.00",0
05/07/2024,Recurring debit [Payment:NOZY],,,"-$1,200.00","$8,203.00",1
08/04/2024,Payment to Wilson [Date:20240804],,,"-$2,800.00","$18,696.00",1
11/23/2024,Additional to rent - fee [Ref:439252],,,"-$1,000.00","$33,848.00",0
11/09/2024,Recurring monthly payment [Ref:751764],,,"-$2,350.00","$19,912.00",1
02/01/2025,Unit fee for residential unit [Payment:YE9S] [00:50],,,"-$2,400.00","$4,176.00",1
